,ao_link,lat,lon,itemLabel,ao_description,tier,color
19,https://www.atlasobscura.com/places/elephanta-caves,18.963341,72.931636,"
Elephanta Caves
","
An extraordinary ""City of Caves"" carved from solid stone.
",atlas_obscura,gold
53,https://www.atlasobscura.com/places/mahakali-caves,19.128904,72.87159,"
Mahakali Caves
","
Nineteen ancient rock-cut Buddhist caves can be found on the outskirts of Mumbai.
",atlas_obscura,gold
83,https://www.atlasobscura.com/places/antilia,19.017615,72.856164,"
Antilia
","
World's most expensive home.
",atlas_obscura,gold
88,https://www.atlasobscura.com/places/tower-of-silence-mumbai,18.961818,72.807148,"
Tower of Silence in Mumbai
","
A Zoroastrian funerary tower where excarnation rituals are carried out is threatened by the area's dwindling vulture population.
",atlas_obscura,gold
94,https://www.atlasobscura.com/places/gilbert-hill,19.120572,72.840193,"
Gilbert Hill
","
A 66-million-year-old rock formation stands tall over Mumbai, offering stellar city views.
",atlas_obscura,gold
97,https://www.atlasobscura.com/places/magen-david-synagogue,18.966811,72.831238,"
The Magen David Synagogue
","
In Mumbai, a bright blue synagogue is the largest one for the Baghdadi Jewish community in Asia.
",atlas_obscura,gold
127,https://www.atlasobscura.com/places/kwan-kung-temple,18.96566,72.846058,"
Kwan Kung Temple
","
The only Chinese temple in Mumbai.
",atlas_obscura,gold
242,https://www.atlasobscura.com/places/bandra-fort,19.041889,72.818359,"
Bandra Fort
","
Designed as a 17th-century watchtower, the former fort is now a popular sunset haunt.
",atlas_obscura,gold
