,ao_link,lat,lon,itemLabel,ao_description,tier,color,address,url,thingLabel,description,fetched_coordinates,item,articleDE,articleEN,location,distance,sitelinks,thing,to_drop_key
1,https://www.atlasobscura.com/places/hawa-mahal-palace-of-winds,26.912417,75.787288,"
Hawa Mahal (Palace of Winds)
","
The 953 windows undoubtedly make this the world's most beautiful screened porch.
",atlas_obscura,gold,,,,,,,,,,,,,"(26.912417, 75.787288)"
4,https://www.atlasobscura.com/places/jal-mahal,26.9537,75.8463,"
Jal Mahal
","
More than half of this Indian palace is drowned but it looks all the more spectacular for it.
",atlas_obscura,gold,,,,,,,,,,,,,"(26.9537, 75.8463)"
11,https://www.atlasobscura.com/places/temple-of-galtaji-at-galwar-bagh-hanuman-s-temple,26.916805,75.858944,"
Hanuman’s Temple
","
Sacred Indian temple that’s all monkey business.
",atlas_obscura,gold,,,,,,,,,,,,,"(26.916805, 75.858944)"
13,https://www.atlasobscura.com/places/jantar-mantar,26.924567,75.824203,"
Jantar Mantar
","
The world's second-largest sundial, made entirely out of stone.
",atlas_obscura,gold,,,,,,,,,,,,,"(26.924567, 75.824203)"
67,https://www.atlasobscura.com/places/panna-meena-kund,26.991105,75.851229,"
Panna Meena ka Kund
","
The beautiful 16th-century stepwell lies in the shadow of a famous fortress.
",atlas_obscura,gold,,,,,,,,,,,,,"(26.991105, 75.851229)"
77,https://www.atlasobscura.com/places/amber-fort,26.985487,75.851345,"
Amber Fort
","
This opulent 16th-century Maharaja’s palace is a unique mix of Hindu and Muslim designs.
",atlas_obscura,gold,,,,,,,,,,,,,"(26.985487, 75.851345)"
84,https://www.atlasobscura.com/places/gaitore-ki-chhatriyan,26.942997,75.824623,"
Gaitore Ki Chhatriyan
","
Ornate, dome-topped cenotaphs fill this royal crematorium.
",atlas_obscura,gold,,,,,,,,,,,,,"(26.942997, 75.824623)"
264,https://www.atlasobscura.com/places/the-wall-of-amer,26.985026,75.854547,"
The Wall of Amer
","
An ancient wall in the shadows of the Amber Castle.
",atlas_obscura,gold,,,,,,,,,,,,,"(26.985026, 75.854547)"
5,,24.578721,73.6862571,Udaipur,,wikivoyage,red,,,Go next,"'''Udaipur''' &mdash; train #2965, Gwalior Udaipur Superfast Express (via Agra), is the best option for this beautiful City of Lakes","(24.578721, 73.6862571)",,,,,,,,"(24.578721, 73.6862571)"
4,,26.2967719,73.0351433,Jodhpur,,wikivoyage,red,,,Go next,"'''Jodhpur''' &mdash;  the stunning Blue City, with its awe-inspiring Mehrangarh Fort","(26.2967719, 73.0351433)",,,,,,,,"(26.2967719, 73.0351433)"
3,,27.0264162,70.77751197645885,Jaisalmer,,wikivoyage,red,,,Go next,'''Jaisalmer''' &mdash; the Golden City in the Thar Desert,"(27.0264162, 70.77751197645885)",,,,,,,,"(27.0264162, 70.77751197645885)"
2,,0.0,0.0,Bhandarej,,wikivoyage,red,,,Go next,"'''Bhandarej''' &mdash; a little-known town 62 km from Jaipur off the Jaipur-Agra Highway, which dates from the times of the Mahabharata and features 11th-century monuments and temples","(0, 0)",,,,,,,,"(0.0, 0.0)"
1,,28.0159286,73.3171367,Bikaner,,wikivoyage,red,,,Go next,"'''Bikaner''' &mdash; a city in the Thar Desert; though less visited than Jaisalmer, it is home to several important sites such as Bikaner Fort (Junagarh Fort), Laxmi Niwas Palace and Shivbari Temple","(28.0159286, 73.3171367)",,,,,,,,"(28.0159286, 73.3171367)"
0,,27.0072885,76.6079261,Abhaneri,,wikivoyage,red,,,Go next,"'''Abhaneri''' &mdash; you can arrange transport to this village, which contains an impressive ancient stepwell and a beautiful 9th-century temple","(27.0072885, 76.6079261)",,,,,,,,"(27.0072885, 76.6079261)"
4,,26.9563,75.8424,The Trident Jaipur ,,wikivoyage,red,Amber Fort Rd ,http://www.tridenthotels.com/jaipur/index.asp ,Sleep_Splurge,"Surprisingly intimate low-rise hotel built like a glittering white Mughal palace, renovated and well maintained. Small pool. It's worth it to pay extra for a lake view room.","(26.9563, 75.8424)",,,,,,,,"(26.9563, 75.8424)"
3,,26.8962,75.8083,Taj Rambagh Palace Hotel ,,wikivoyage,red, ,http://www.tajhotels.com/luxury/grand-palaces-and-iconic-hotels/rambagh-palace-jaipur/overview.html ,Sleep_Splurge,A former palace and an excellent place to stay.,"(26.8962, 75.8083)",,,,,,,,"(26.8962, 75.8083)"
2,,26.877,75.884,Oberoi Rajvilas Palace Hotel ,,wikivoyage,red,Goner Rd ,http://www.oberoirajvilas.com/ ,Sleep_Splurge,"If you have money to blow and you want to stay in the lap of luxury, this is the place for you. The only problem is that it is nearly impossible to get a booking.","(26.877, 75.884)",,,,,,,,"(26.877, 75.884)"
1,,26.9066,75.8229,Naila Bagh Palace ,,wikivoyage,red,Moti Doongari Road ,http://www.nailabaghpalace.com ,Sleep_Splurge,"Heritage home built in 1872 by the Prime Minister of Jaipur (Late Thakur Fateh Singh ji of Naila), now owned and managed by his 7th-generation descendants. It is surrounded with sprawling gardens and open spaces on all sides; the large front courtyard provides ample seating space for our visitors along with providing a calm and serine ambience. One of Jaipur's oldest heritage buildings and home the erstwhile Prime Minister, Thakur Fateh Singh Ji. Surrounded with gardens and open spaces on all sides, large front courtyard provides ample seating, antique chandeliers, original frescos, colonial furniture and a heritage of family history on display. Swimming pool, modest gym, Wi-Fi in some areas.","(26.9066, 75.8229)",,,,,,,,"(26.9066, 75.8229)"
0,,27.0764,75.9387,Lohagarh Fort Resort Jaipur ,,wikivoyage,red,"Kachera Wala, Kukas (NH-8) ",http://lohagarhfortresort.in/ ,Sleep_Splurge,"13 acres of green lush mountain area in Kukas, a 50-minute drive from Jaipur. Cottages with private pool, luxury tents with jacuzzi, luxury suite with jacuzzi. Apart from accommodation they offer spa & massage and their pool is one of the biggest in the city. They also have in-house restaurant.","(27.0764, 75.9387)",,,,,,,,"(27.0764, 75.9387)"
9,,26.9883,75.8703,Mosaics Guest House ,,wikivoyage,red," Siyaram ki Doongri, '''Amber''' ",http://www.mosaicsguesthouse.com/ ,Sleep_Mid-range,,"(26.9883, 75.8703)",,,,,,,,"(26.9883, 75.8703)"
8,,51.0542154,-114.0698189,White Mushroom V Inn Jaipur ,,wikivoyage,red,I - 7 C2 ,http://www.whitemushroomholidays.com/jaipur/ ,Sleep_Mid-range,,"(51.0542154, -114.0698189)",,,,,,,,"(51.0542154, -114.0698189)"
6,,26.9279,75.7891,Umaid Mahal ,,wikivoyage,red,"C-20 / B-2, Bihari Marg, Sawai Jai Singh Highway, ",http://www.umaidmahal.com ,Sleep_Mid-range,A very nice heritage house hotel with 3-star facilities and also offers free pick up from train and bus station.,"(26.9279, 75.7891)",,,,,,,,"(26.9279, 75.7891)"
5,,26.928,75.7925,Umaid Bhawan ,,wikivoyage,red,"D1-2A, Behari Marg, Bani Park ",http://www.umaidbhawan.com ,Sleep_Mid-range,"A nicely restored heritage hotel with clean, comfortable rooms, many with balconies. Beautifully decorated, it looks like a mini-palace. It has a roof-top restaurant with views of the rising sun in the morning and the setting sun in the evening. The swimming pool is on the ground floor, and it's cold in the off-season. The friendly and helpful staff will arrange airport/train station pickup. Great value, a great place.","(26.928, 75.7925)",,,,,,,,"(26.928, 75.7925)"
4,,26.9065,75.7962,Sumati Villa ,,wikivoyage,red,"7, Shubham Enclave, Jamnalal Bajaj Marg ", ,Sleep_Mid-range,A budget guest house.,"(26.9065, 75.7962)",,,,,,,,"(26.9065, 75.7962)"
3,,26.9268,75.7898,Milestone 251 ,,wikivoyage,red,"Near Collectorate Circle, D-251, Devi Marg, Bani Park ",http://www.milestone251.com/ ,Sleep_Mid-range,Near the railway station in Bani Park area.,"(26.9268, 75.7898)",,,,,,,,"(26.9268, 75.7898)"
2,,26.9063,75.7833,Loharu House ,,wikivoyage,red,Civil Lines , ,Sleep_Mid-range,This property belongs to the Royal Family of Loharu and they rent out a few rooms. The place is quaint and beautiful and the rooms are well appointed. The service also has the touch of personal care and warmth. A plus side is the cooks are excellent and put together some fine dinners.,"(26.9063, 75.7833)",,,,,,,,"(26.9063, 75.7833)"
1,,26.9373,75.7965,Hotel Sarang Palace ,,wikivoyage,red,"A- 40, Subhash Nagar Rd, Near Peetal Factory ",http://www.hotelsarangpalace.com ,Sleep_Mid-range,"3-star heritage hotel, offers free pick up from train and bus station.","(26.9373, 75.7965)",,,,,,,,"(26.9373, 75.7965)"
0,,26.9299,75.7881,Hotel Meghniwas ,,wikivoyage,red,"C-9, Sawai Jai Singh Highway, Bani Park ",http://www.meghniwas.com/ ,Sleep_Mid-range,"It also has a garden and a swimming pool, which is free for guests and open to non-guests for a charge.","(26.9299, 75.7881)",,,,,,,,"(26.9299, 75.7881)"
4,,26.9225,75.8047,Hotel Mandakini Castle ,,wikivoyage,red,Sansar Chandra Rd , ,Sleep_Mid-range,"3-star hotel. 12 superior rooms and 26 suites. All are fitted with a private bath with hot & cold water, cable/sat TV, and broadband internet connection. The travel desk, 50-capacity conference area, complimentary transfer services. It is not easy to find current room rates, but the hotel gets mixed reviews from guests.","(26.9225, 75.8047)",,,,,,,,"(26.9225, 75.8047)"
3,,26.8912,75.7663,Hotel Classic Holidays ,,wikivoyage,red,"A-79, Shyam Nagar, Sodala, Ajmer Rd ",http://www.hotelclassicholidays.com ,Sleep_Mid-range,"In a residential area with peaceful, clean, green surroundings.","(26.8912, 75.7663)",,,,,,,,"(26.8912, 75.7663)"
2,,26.84444,75.74722,Colonel's Homestead Jaipur ,,wikivoyage,red,"10 & 11 Cosmo Colony, Ram Marg, Amrapali Rd, Vaishali Nagar ",http://www.colonelsbnb.com ,Sleep_Mid-range,"Run by a retired army colonel and his wife, who hails from a royal family of Rajasthan, a peaceful place to stay adjoining 50 acres of bird-filled nature. Home-cooked meals available, and good advice on attractions and shopping.","(26.84444, 75.74722)",,,,,,,,"(26.84444, 75.74722)"
1,,26.9217,75.8046,Arya Niwas ,,wikivoyage,red,Sansar Chandra Rd ,http://www.hotelaryaniwas.com/ ,Sleep_Mid-range," A feudal lord's mansion converted into a hotel with the ambience of a stately home. Centrally located, family managed, cafeteria serving decent vegetarian food and a garden to relax in during the evenings.","(26.9217, 75.8046)",,,,,,,,"(26.9217, 75.8046)"
0,,26.9274,75.7892,Anuraag Villa ,,wikivoyage,red,"D-249, Near Collectorate Circle ",http://www.anuraagvilla.com/index.htm ,Sleep_Mid-range,"3-star hotel 15 min by rickshaw from the city centre. Peaceful place to relax with clean, comfortable rooms and free Wi-Fi Onsite restaurant offers very good vegetarian options Rajasthani style.","(26.9274, 75.7892)",,,,,,,,"(26.9274, 75.7892)"
4,,26.9174,75.7952,Sunder Palace Guest House ,,wikivoyage,red,"No. 46, Sanjay Marg ",http://www.sunderpalace.com ,Sleep_Budget,"Clean rooms, great service, convenient location, a rooftop restaurant, a lovely garden area and a terrace. Tiled double room with cable TV, big bathroom with hot water and a Persian carpet area with a small table where you can sip tea and read. Internet available, but there was a charge for this service a few years ago, so enquire.","(26.9174, 75.7952)",,,,,,,,"(26.9174, 75.7952)"
3,,26.9238,75.7905,Satkar Hotel ,,wikivoyage,red,"187, Barodia Scheme, Banipark ",http://satkarhotel.com ,Sleep_Budget,"Family run budget hotel, free pick up from railway station, bus stand, free Wi-Fi. Air-con and non-air-con rooms with attached bathrooms and TV. Hot shower, food, travel desk, laundry, 5 min walk from railway station. Not especially clean, ceiling fan noisy. Laundry is available for a charge. Walking distance to the bus station in a seedy neighbourhood.","(26.9238, 75.7905)",,,,,,,,"(26.9238, 75.7905)"
2,,26.9209,75.7973,Pink City Guest House ,,wikivoyage,red,18 Motilal Atal Rd , ,Sleep_Budget,"Clean rooms and good value with reliable hot water, TV and Wi-Fi - just ask the guy at the reception. Steps away from bus station and few min walk from old town and/or rail station. Five stores down the road south on that side of the street is an amazing vegetarian restaurant Mohal's which does great cheapish food. Make sure you get one of the rooms facing the quiet backstreet. The hotel lacks its own website, and current tariffs seem to be impossible to find online. As of 2012 or so, they charged ₹400-700 for a double room, with off season rates of ₹250 for a very basic room without attached bathroom.","(26.9209, 75.7973)",,,,,,,,"(26.9209, 75.7973)"
1,,26.9127,75.7781,Moon Light Palace ,,wikivoyage,red,"S-34, Shanti Nagar, Near Labour Court ",http://www.hotelmoonlightpalace.com/ ,Sleep_Budget,It's clean with solid Wi-Fi. Free pick up from station. Restaurant has a wide range of food.,"(26.9127, 75.7781)",,,,,,,,"(26.9127, 75.7781)"
0,,26.928,75.7861,Krishna Palace ,,wikivoyage,red,"E-26, Durga Marg, Bani Park ",http://www.krishnapalace.com ,Sleep_Budget,"Heritage property which looks like a palace. Nice garden, quiet and very clean. Traditional-style spacious rooms with private bath and hot shower. 24-hr service. Comfortable beds, each room comes with TV with all channels. Rooftop and garden restaurant available. Walking distance to the train station. Managed by a friendly family. Very quiet and relaxing neighbourhood surrounded by greenery. Pickup service from the train and central bus station is free of charge.","(26.928, 75.7861)",,,,,,,,"(26.928, 75.7861)"
10,,26.91958611458579,75.79778428274552,Moustache Jaipur,,wikivoyage,red,"Park House 7, Mirza Ismail Rd",https://moustachescapes.com/accommodation/Hostel/jaipur,Sleep_Budget,"Recommended by many travellers, this hostel is the headquarters of the Moustache chain. The street food tour is recommended by many. Afterwards, you can relax in the rooftop restaurant and pool.","(26.91958611458579, 75.79778428274552)",,,,,,,,"(26.91958611458579, 75.79778428274552)"
9,,26.9203,75.7973,Karni Niwas ,,wikivoyage,red,C-5 Motilal Atal Road ,http://www.hotelkarniniwas.com/ ,Sleep_Budget,"Good budget hotel. Very clean with hot water, quiet room. Restaurant, includes continental breakfast.","(26.9203, 75.7973)",,,,,,,,"(26.9203, 75.7973)"
8,,26.928307,75.798092,Jaipur Inn ,,wikivoyage,red,"B-17, Shiv Marg, Bani Park ",http://www.jaipurinn.com/ ,Sleep_Budget,"Hot water, air-con, TV, heater, and telephone in every room. The hotel also has a backup power generator and a lift. Nice rooftop bar with great views over the city. All room rates include rooftop Wi-Fi and free cancellation. They can also serve food. During low season (April/May/June), 50% discount if you stay 2 days or more.","(26.928307, 75.798092)",,,,,,,,"(26.928307, 75.798092)"
7,,26.9061,75.7971,Hotel Shikha ,,wikivoyage,red,"R-14, Yudhishthir Marg, C-Scheme ",https://www.hotelshikha.com ,Sleep_Budget,The only hotel in Jaipur that is opposite to the deer park in c-scheme. Coffee & wine lounge in premises with Rock Pub and discotheque. Special offers on website.,"(26.9061, 75.7971)",,,,,,,,"(26.9061, 75.7971)"
6,,26.921,75.7979,Hotel Sangam ,,wikivoyage,red,17 Motilal Atal Rd ,http://www.hotelsangamjaipur.com/ ,Sleep_Budget,"Good mattress, TV, restaurant, includes breakfast toast.","(26.921, 75.7979)",,,,,,,,"(26.921, 75.7979)"
5,,26.9236,75.7988,Hotel Ramsingh Palace ,,wikivoyage,red,"B-2, Hathi Babu Ka Bagh, Kanti Nagar ",http://hotelramsinghpalace.com/ ,Sleep_Budget,"Comfortable beds, each room comes with LCDTV with multiple channels. Walking distance to the train station and central bus stand. Airport/rail station/bus station pick up available, multi-cuisine restaurant.","(26.9236, 75.7988)",,,,,,,,"(26.9236, 75.7988)"
4,,26.9162,75.7956,Hotel Pearl Palace ,,wikivoyage,red,"51 Hathroi Fort, Hari Kishan Somani Marg, Ajmer Road ",http://www.hotelpearlpalace.com ,Sleep_Budget,The place is designed as an art museum. Wonderful roof top patio restaurant. The owners are nice but the front desk clerk is very moody. They do not always honor reservations made from their website.,"(26.9162, 75.7956)",,,,,,,,"(26.9162, 75.7956)"
3,,26.98095,75.85066,Hotel Malak Mahal ,,wikivoyage,red,"54, Near Jal Mahal, Amer Rd ", ,Sleep_Budget,"This hotel, which opened in 2012, has 45 rooms, an in-house restaurant and reserved parking spaces. It also provides free Wi-Fi, air-con rooms with attached washrooms and a nice guest service system. Their reservation phone number is covered 24/7.","(26.98095, 75.85066)",,,,,,,,"(26.98095, 75.85066)"
2,,26.912416,75.787288,Hotel Kalyan ,,wikivoyage,red,"Hathroi Fort, Ajmer Rd ",https://www.hotelkalyan.com/ ,Sleep_Budget,2-star hotel with a quiet and relaxing atmosphere. Free parking and pickup is available from the train station and central bus stand. Tasty restaurant and good service.,"(26.912416, 75.787288)",,,,,,,,"(26.912416, 75.787288)"
1,,26.9255,75.7908,Chit Chat Palace ,,wikivoyage,red,"D-160 Kabir Marg, Bani Park ",http://www.chitchatrestaurantandguesthouse.com/ ,Sleep_Budget,"Airport/rail station/bus station pick up available, nice restaurant.","(26.9255, 75.7908)",,,,,,,,"(26.9255, 75.7908)"
0,,26.9202,75.7976,Atithi Guest House ,,wikivoyage,red,1 Park House Scheme ,http://www.atithijaipur.com/ ,Sleep_Budget,"A nice, modern and very clean hotel a few minutes from the Pink City. Has a simple restaurant, laundry service, Wi-Fi (check on current rates, which are not posted on their site). Be careful of rickshaw/taxi drivers as they don't get a commission here so may try to bring you somewhere else.","(26.9202, 75.7976)",,,,,,,,"(26.9202, 75.7976)"
2,,26.8918,75.7576,Club Seven ,,wikivoyage,red,"The Byke Grassfield Resort, Kishan Nagar , Near Bansal Hospital ",https://www.facebook.com/pages/CLUB-SEVEN/395634490599614 ,Drink_Night clubs,"A nightclub with electronic music and different events every few weeks at the Byke Grassfield Resort, some 6-7 km southwest of the city centre.","(26.8918, 75.7576)",,,,,,,,"(26.8918, 75.7576)"
1,,26.9139,75.8056,Blackout ,,wikivoyage,red,"9th floor, Golden Oak Hotel, Landmark Building, Ahinsa Circle, C Scheme ",https://www.facebook.com/blackoutjaipur ,Drink_Night clubs,"Bar and nightclub popular with the party crowd, though their food is apparently not very good. Great views of the city from the rooftop lounge.","(26.9139, 75.8056)",,,,,,,,"(26.9139, 75.8056)"
0,,26.8432,75.8025,3D's Restro Lounge ,,wikivoyage,red,"A2 Corporate Tower, Near Jawahar Circle ",https://www.facebook.com/3DSRestroLounge/ ,Drink_Night clubs,"A lounge bar with two restaurants (fine dining and casual). A good place to hang out with your friends, and fairly popular among students.","(26.8432, 75.8025)",,,,,,,,"(26.8432, 75.8025)"
3,,26.89262,75.80701,Skyfall By Replay ,,wikivoyage,red,"SB-57, Riddhi Tower, 5th Floor ",https://www.facebook.com/skyfalljaipur/ ,Drink_Alcohol,"Bar, restaurant and lounge with Mexican and Italian cuisine. Different sitting areas, which makes it a good place for private events.","(26.89262, 75.80701)",,,,,,,,"(26.89262, 75.80701)"
2,,26.9052,75.8124,Henry’s – The Pub ,,wikivoyage,red,"Park Prime Hotel, Prithviraj road, Near Statue Circle ",https://www.facebook.com/pages/Henrys-Park-Prime-Jaipur/147076938737915 ,Drink_Alcohol,"Cozy pub in the basement of the Prime Park Hotel, reportedly great for an evening out with your friends. Many different snacks and cocktails. On the downside some guests find the service is a bit slow.","(26.9052, 75.8124)",,,,,,,,"(26.9052, 75.8124)"
1,,26.8496,75.8093,Drop Zone Lounge Bar ,,wikivoyage,red,"14/82 & 83, Niti Nagar, Opposite Capt Amit Bhardwaj Petrol Pump, Malviya Nagar ", ,Drink_Alcohol,"A bar with a pleasant rooftop seating with fantastic views, and they serve food as well.","(26.8496, 75.8093)",,,,,,,,"(26.8496, 75.8093)"
0,,26.8493,75.8078,District 9 Lounge ,,wikivoyage,red,"E-20, Prem Plaza, Girdhar Marg, Opposite Reliance Fresh ",https://www.facebook.com/District9lounge/ ,Drink_Alcohol,"Rooftop and indoor seating. More of a restaurant than a bar, with dishes from all over the world ranging from spring rolls to pizzas and fajitas to burritos.","(26.8493, 75.8078)",,,,,,,,"(26.8493, 75.8078)"
1,,26.8518,75.7956,Colorbar ,,wikivoyage,red,"Radisson Blu, Plot 5 & 6, Airport Plaza,Tonk Road, Durgapura ",https://www.radissonhotels.com/en-us/hotels/radisson-blu-jaipur/restaurant-bar ,Drink_Alcohol,"On the top of the roof of Radission Blu Airport hotel, with nice views of the planes landing and taking off. Barbecue, pool and interesting luminescent chairs and tables.","(26.8518, 75.7956)",,,,,,,,"(26.8518, 75.7956)"
0,,26.9179,75.8,Amigos Bar & Discoteque ,,wikivoyage,red,"Church Road, MI Road ", ,Drink_Alcohol,"Mexico-themed bar at the 9th floor of the OM Tower hotel, in the adjoining room there's a dance floor. Apparently a wider range of beverages and cocktails than at restaurants.","(26.9179, 75.8)",,,,,,,,"(26.9179, 75.8)"
3,,26.896,75.8077,Steam ,,wikivoyage,red, , ,Eat_Splurge,"A train turned into an Italian restaurant, on the grounds of the Taj Rambagh palace. Popular among the upper class of Jaipur, they are also famous for their pizzas.","(26.896, 75.8077)",,,,,,,,"(26.896, 75.8077)"
2,,26.9165,75.8112,Niros ,,wikivoyage,red,"319, MI Rd, Ashok Nagar ",http://www.nirosindia.com/ ,Eat_Splurge,Niros is a 60-year-old restaurant serving mostly Indian and Indo-Chinese dishes. Opinions are divided between those who laud the restaurant and others who consider it overpriced and more hype than quality.,"(26.9165, 75.8112)",,,,,,,,"(26.9165, 75.8112)"
1,,26.9117,75.7851,Cinnamon ,,wikivoyage,red,"Jacob Road, Civil Lines, ",http://www.tajhotels.com/food-and-wine/jai-mahal-palace-jaipur/cinnamon/default.html ,Eat_Splurge,"Northern Indian cuisine in a romantic setting, however they are reportedly a bit overpriced.","(26.9117, 75.7851)",,,,,,,,"(26.9117, 75.7851)"
0,,26.9857,75.8506,1135 AD Amber ,,wikivoyage,red,Amer Road ,https://www.facebook.com/1135adamber/ ,Eat_Splurge,Upscale restaurant in the Amber Fort complex. They serve traditional Rajasthani cuisine in royally decorated dining rooms.,"(26.9857, 75.8506)",,,,,,,,"(26.9857, 75.8506)"
9,,26.90237,75.79386,Zodiac ,,wikivoyage,red,"Fortune Park Bella Casa, Cityplex, 1, Ashram Marg, Tonk Road ", ,Eat_Mid-range,A buffet restaurant with North Indian dishes.,"(26.90237, 75.79386)",,,,,,,,"(26.90237, 75.79386)"
8,,26.8496,75.7951,Okra ,,wikivoyage,red,"Ashram Marg, Jawahar Circle ", ,Eat_Mid-range,Both a large buffet and a la carte. Reservations are required.,"(26.8496, 75.7951)",,,,,,,,"(26.8496, 75.7951)"
7,,26.91625,75.81126,Natraj ,,wikivoyage,red,"Panch Batti, M.I. Road ",https://www.facebook.com/Natraj-Restaurant-Jaipur-943481692408153/ ,Eat_Mid-range,"Vegetarian, speciality is the Rajasthani thali. Credit cards are accepted and they do not serve alcohol. They also have a mithai (sweets) shop.","(26.91625, 75.81126)",,,,,,,,"(26.91625, 75.81126)"
6,,26.9098,75.7957,Mamu's Infusion ,,wikivoyage,red,"101, 1st Floor, Mangalam Ambition Tower, Subhash Marg, C Scheme ", ,Eat_Mid-range,"Serves Indian, Italian, Mexican, Chinese, Thai and Middle Eastern dishes. Quirky decor, large servings and friendly staff.","(26.9098, 75.7957)",,,,,,,,"(26.9098, 75.7957)"
5,,26.907,75.7831,Loharu House ,,wikivoyage,red, , ,Eat_Mid-range,"This is the house of a Royal Family in Civil Lines. Primarily a hotel, but they also serve food. You can call in advance and request a special dinner. Otherwise, dinners are served for in-house guests.","(26.907, 75.7831)",,,,,,,,"(26.907, 75.7831)"
4,,26.9196,75.8256,LMB ,,wikivoyage,red,"LMB Hotel & Restaurant, 100 Johari Bazaar ",http://www.hotellmb.com/restaurant.aspx ,Eat_Mid-range,"Good mid-range north Indian vegetarian restaurant. The restaurant sells good sweets and chat, Indian sweet and savory snacks, and is most famous for its Aloo ki Tikiya and Paneer Ghewar.","(26.9196, 75.8256)",,,,,,,,"(26.9196, 75.8256)"
3,,26.9107,75.7986,Little Italy ,,wikivoyage,red,"C/11, K.K. Square, Prithviraj Marg, C-Scheme ",http://littleitaly.in/restaurant/jaipur_main.html ,Eat_Mid-range,"Part of a chain with restaurants around India and some other Asian countries, as the name reveals, this is a place to go to for Italian food. Wide selection of pizza, pasta and other typical Italian food, also some Mexican dishes. Large range of wines.","(26.9107, 75.7986)",,,,,,,,"(26.9107, 75.7986)"
2,,26.917,75.8134,Handi Restaurant ,,wikivoyage,red,"Maya Mansion, Opp GPO, MI Rd ",http://handirestaurant.com/ ,Eat_Mid-range,"Specialising in meat dishes; chicken, mutton, kebab, tandoori and the super spicy Rajasthani speciality lal maas.","(26.917, 75.8134)",,,,,,,,"(26.917, 75.8134)"
1,,26.9116,75.8016,Four Seasons Restaurant ,,wikivoyage,red,"D-43A, Subhash Marg, C Scheme ",https://www.facebook.com/fourseasonsjaipur?rf,Eat_Mid-range,"Indian and Chinese food, among the most popular vegetarian restaurants in Jaipur.","(26.9116, 75.8016)",,,,,,,,"(26.9116, 75.8016)"
0,,27.0092,75.7633,Apno Gaon ,,wikivoyage,red,"14, New Loha Mandi, Sikar Road, Vishwakarma Industrial Area ", ,Eat_Mid-range,"Vegetarian food, including fresh vegetables and fruits. Slightly away from the main city: One has to go on a bumpy ride to reach there.","(27.0092, 75.7633)",,,,,,,,"(27.0092, 75.7633)"
4,,26.9213,75.7952,Rawat Mishthan Bhandar ,,wikivoyage,red,"Opposite Polo Victory Cinema, Station Road, Sindhi Camp ", ,Eat_Budget_Savoury,"Do not miss the famous Pyaz ki Kachori, a spicy onion dish. Also, the ghewar and mawa kachori is famous.","(26.9213, 75.7952)",,,,,,,,"(26.9213, 75.7952)"
3,,26.916,75.7956,Peacock Rooftop Restaurant ,,wikivoyage,red,"51, Hari Kishan Somani Marg ",https://hotelpearlpalace.com/wordpress/peacock-rooftop-restaurant ,Eat_Budget_Savoury,"A rooftop restaurant serving Indian, Western and Chinese food. Fast service and good value.","(26.916, 75.7956)",,,,,,,,"(26.916, 75.7956)"
2,,26.9162,75.8081,Old Take Away ,,wikivoyage,red,"146, Subhash Corner, MI Roa ", ,Eat_Budget_Savoury,Various chicken and mutton dishes for take-away.,"(26.9162, 75.8081)",,,,,,,,"(26.9162, 75.8081)"
1,,26.9231,75.7986,Ambrosia ,,wikivoyage,red,"In the Hotel Ramsingh Palace, B 2, Hathi Babau Ka Bagh, Kanti Nagar, Banipark ",https://www.facebook.com/pages/Ambrosia/212615442121032 ,Eat_Budget_Savoury,"Serving vegetarian and vegan, Chinese food and barbecue atop a 100-foot-high building providing a breathtaking view of the city.","(26.9231, 75.7986)",,,,,,,,"(26.9231, 75.7986)"
0,,26.911,75.798,Anokhi Cafe ,,wikivoyage,red," 2nd Floor, KK Square, C-11 Prithviraj Road ",https://www.facebook.com/AnokhiCafe ,Eat_Budget_Savoury,"Mostly organic non-Indian-style (""international flavour"") home-style cakes, freshly prepared sandwiches, pastries, savoury snacks plus organic coffee and a selection of good teas. Quiet, relaxing, good value for money, situated outside the Anokhi shop (see Anokhi Museum of Hand Printing listing in ""See"").","(26.911, 75.798)",,,,,,,,"(26.911, 75.798)"
1,,26.916,75.8102,Jal Mahal ,,wikivoyage,red,"85, MI Road ",https://www.facebook.com/jalmahal.icecreamcreations/ ,Eat_Budget_Sweet,"A popular ice-cream parlor on MI Rd. An assortment of ice cream shakes, and some indigenous ice cream flavours. Excellent after a hearty meal at one of the MI Rd restaurants.","(26.916, 75.8102)",,,,,,,,"(26.916, 75.8102)"
0,,26.9077,75.799,Gangaur Sweets ,,wikivoyage,red,"J-32, Subash Marg, C-Scheme ", ,Eat_Budget_Sweet," Sweets for chamcham, also baked sweets and crispy samosas.","(26.9077, 75.799)",,,,,,,,"(26.9077, 75.799)"
2,,26.9154576,75.8189817,--,,wikivoyage,red,,,Buy,,"(26.9154576, 75.8189817)",,,,,,,,"(26.9154576, 75.8189817)"
3,,26.9053,75.7712,Nad Sadhna ,,wikivoyage,red,"E-122(A) Kataria Colony, Ram Nagar Extension ",http://nadsadhna.com ,Learn,"An institute of Rajasthani music that holds group classes for vocals, guitars, synthesizer, tabla, sitar, flute, mouthorgan, dholak and dance. Tablas and sitars can be provided to students; other instruments must be brought by students to the class.","(26.9053, 75.7712)",,,,,,,,"(26.9053, 75.7712)"
2,,26.8976,75.812,Maharaja Sawai Mansingh Sangeet Mahavidyalaya ,,wikivoyage,red,Sawai Ram Singh Road ,http://www.msmsvidyalaya.in/ ,Learn,,"(26.8976, 75.812)",,,,,,,,"(26.8976, 75.812)"
0,,26.758,75.839,Chokhi Dhani ,,wikivoyage,red,"12 Miles Tonk Road, Via Vatika ",https://chokhidhaniethnicvillage.hotvel.com ,Do_Nearby,"Around 18 km from Central Jaipur on the Jaipur-[[Tonk]] highway, Chokhi Dhani (''Fine Hamlet'' in Rajasthani dialect) is a kind of virtual village and also a 5-star resort. There are lodging facilities available, but the real attraction is the evening fun-fairs. There are two excellent places to enjoy Rajasthani food served in the traditional mode at their resort. Chokhi Dhani a.k.a. Lalten Restaurant is a more popular place because it is on the main road near the airport and also has other attractions, such as horseback riding, camel riding, bullock cart rides, a maze, boating and kathputli (puppet) shows. You can also watch live folk dances and listen to live folk music for free. It gives the visitor a glimpse of culture from different parts of Rajasthan, and could be nice if you will not have time to see much of Rajasthan yourself. It opens at 5PM, and be sure to get there early as many of the sites are difficult to see when it gets dark. It's a 30-min rickshaw ride from Central Jaipur, or you can go there by bus or taxi, but you are best off making sure you have a ride back.<br />Consider buying the pass for AC hall, because the outdoor seating is a self-served buffet, while in the AC Dining you'll be served food. This makes a massive difference when there are too many people at the restaurant, as the restaurant is unable to keep up with the demand for buffet food.<br />If you would prefer to sleep at the resort, [https://chokhidhani.com/ethnic-resort-jaipur/ have a look at their accommodation]. Avoid going there during the rainy season.","(26.758, 75.839)",,,,,,,,"(26.758, 75.839)"
3,,26.9146,75.8098,Rajmandir Cinema ,,wikivoyage,red," C-16, Panch Batti, Bhagwan Das Rd, C-Scheme ",http://therajmandir.com/ ,Do,"An experience in itself, and another ""don't miss"". Once known as the best cinema India, and still the best in Rajasthan, it offers an overwhelming experience. From the pushing, shoving, and general chaos in the ticket queue, to an audience that laughs, cries, cheers, claps, and consistently talks through the entire film, the Rajmandir provides an insight into Rajasthani culture. The films can be interesting; ''Masala'' movies are action, drama, mystery, suspense, and epics all wrapped into one single film, teeming with dances and obligatory wet sari scenes, and unabashedly lifting generous amounts of plot devices from Western films. The theatre-goers are very friendly and genuinely curious about overseas visitors who come to the Raj. Don't be put off by ""House Full"" notices at the entrance. The box office opens again a nominal 45 minutes before the next performance, and there are usually tickets available. Box seats at ₹120 go first, so its worth going early to avoid disappointment. Shows at 12:30PM, 3:30PM, 6:30PM and 9:30PM. A great place to meet locals, with the nearby McDonald's as a central congregation spot.","(26.9146, 75.8098)",,,,,,,,"(26.9146, 75.8098)"
2,,26.906,75.8061,B.M. Birla Auditorium and Conference Hall ,,wikivoyage,red,"Birla Institute of Scientific Research, Statue Circle ",http://www.bisr.res.in/audi/auditorium.php ,Do,"These are at the heart of Jaipur. This auditorium is spread over 9.8 acres and includes a computer centre, interactive science museum, an information processing centre, library, a processing planetarium, eight research divisions, a dissemination cell and an auditorium. The auditorium has a seating capacity of 1,350 and is among the largest in India. This auditorium is built up to international conference standards. However, people visiting Jaipur for leisure are likely to be most interested in the [http://www.bisr.res.in/planetarium.php Planetarium] (all shows in Hindi) or [http://www.bisr.res.in/museum.php Science Museum] (under renovation as of November 2015) that are part of the complex.","(26.906, 75.8061)",,,,,,,,"(26.906, 75.8061)"
0,,26.987,75.8512,Amber Fort Sound and Light Show ,,wikivoyage,red,Lower Amber Fort , ,Do,"Experience the history, culture and life of Amber through this spectacular show. Amitabh Bachhan narrates the story of Rajasthani kings with a script written by Gulzar. Don't forget the mosquito repellent. The light show can be watched from outside the fort, but the sound won't be audible from there. There is also a sound and light show at Jantar Mantar for ₹100.","(26.987, 75.8512)",,,,,,,,"(26.987, 75.8512)"
0,,26.9075,75.8056,Statue Circle ,,wikivoyage,red,"C-Scheme, Ashok Nagar ", ,See_Other,Statue Circle is exactly what it sounds like: a roundabout that contains a statue that is beautifully lit up at night.,"(26.9075, 75.8056)",,,,,,,,"(26.9075, 75.8056)"
1,,26.9117,75.8195,Central Museum ,,wikivoyage,red,"Ramniwas Bag, Adarsh Nagar ",http://alberthalljaipur.gov.in ,See_Museums,"A fine example of Indo-Saracenic architecture, this building was designed by Sir Samuel Swinton Jacob and was opened as public museum in 1887. Maharaja Ram Singh wanted this building to be a town hall, but his successor, Madho Singh II, decided it should be a museum for the art of Jaipur and included as part of the new Ram Nivas Garden. The museum has a rich collection of artefacts like paintings, carpets, ivory, stone, metal sculptures and colourful crystal works. It is named after King Edward VII (Albert Edward), during whose visit to the city as the Prince of Wales, its foundation stone was laid on 6 February 1876.","(26.9117, 75.8195)",,,,,,,,"(26.9117, 75.8195)"
0,,26.992622,75.850814,Anokhi Museum of Hand Printing ,,wikivoyage,red, ,http://www.anokhi.com/museum/home.html ,See_Museums,"A beautiful clean museum dedicated to the traditional art of hand block printing textiles, this museum is housed in a restored heritage haveli tucked into the back streets of old Amber. Small cafe (see ""Eat""), clean toilets, small shop selling hand printed contemporary wearable clothes and textiles, friendly staff and a printer and block carver demonstrating their crafts every day.","(26.992622, 75.850814)",,,,,,,,"(26.992622, 75.850814)"
3,,26.915,75.8223,Zoological Garden,,wikivoyage,red, , ,See_Gardens,"In the serene environment of Ram Niwas Bagh, this garden is prized for its rich flora and fauna.","(26.915, 75.8223)",,,,,,,,"(26.915, 75.8223)"
2,,26.899791,75.853619,Vidyadhar Garden,,wikivoyage,red, , ,See_Gardens,The garden is a real treat for those who want to see a fusion of Mughal and Hindu culture.,"(26.899791, 75.853619)",,,,,,,,"(26.899791, 75.853619)"
1,,26.899164,75.859387,Sisodia Rani Palace and Garden,,wikivoyage,red, , ,See_Gardens,"This palace was established by Sawai Jai Singh for his queen Sisodia, rulers of one of the oldest kingdoms of India. There are tiered multi-level gardens with fountains, watercourses and painted pavilions. A double-storeyed palace occupies the top terrace of the garden. The palace has many galleries, pavilions and beautiful murals depicting scenes from the life of lord Krishna.","(26.899164, 75.859387)",,,,,,,,"(26.899164, 75.859387)"
0,,26.9127378,75.8201801,Ram Niwas Garden ,,wikivoyage,red,exact city centre , ,See_Gardens,"Built in 1868 by Maharaja Sawai Ram Singh of Jaipur, this garden contains a bird park, zoo, Ravindra Rang Manch Theatre, art gallery, exhibition ground, gymnasium and several cafes and picnic spots.","(26.9127378, 75.8201801)",,,,,,,,"(26.9127378, 75.8201801)"
1,,26.924762,75.82456,Jantar Mantar ,,wikivoyage,red, ,http://museumsrajasthan.gov.in/mounment_Jantar-Mantar.htm ,See_Monuments,This [[UNESCO World Heritage site,"(26.924762, 75.82456)",,,,,,,,"(26.924762, 75.82456)"
0,,26.923983,75.822642,Iswari Minar Swarga Sal ,,wikivoyage,red,Chandpol Bazaar near City Palace , ,See_Monuments,"A minar (minaret) with great views of Jaipur. There is an alternative to the minar that's open 24/7. Just across the other side of the road (Chandpol Bazaar) from the minaret is a shopping complex with stairs up to a rooftop area where you can get basically the same view as from the minar. To get there, go through the arched gateway almost opposite the minar, then as soon as you get to the courtyard, look to the left for a metal spiral staircase and keep climbing until you reach the roof, walk around the corridor to the next set of stair and go up another floor until you know you can't go any higher.","(26.923983, 75.822642)",,,,,,,,"(26.923983, 75.822642)"
0,,26.942865,75.824643,Gaitore ,,wikivoyage,red, , ,See_Monuments,A royal cremation site of the rulers of Jaipur.,"(26.942865, 75.824643)",,,,,,,,"(26.942865, 75.824643)"
4,,26.894818,75.815182,Moti Dungri Mandir ,,wikivoyage,red,JLN Road ,https://www.facebook.com/pages/Motie-Dungri-Ganesh-Temple-Jaipur/377718742253504?rf,See_Temples," This temple, dedicated to Lord Ganesha, is the main centre of religion for Jaipur people. Moti Dungri, meaning Pearl Hill, is a small hill that hosts a temple and a palace. It is said that this temple was built before construction of the rest of the city was begun, so as to protect the city.","(26.894818, 75.815182)",,,,,,,,"(26.894818, 75.815182)"
3,,26.923767,75.819993,Jain Mandir ,,wikivoyage,red, , ,See_Temples," Jain temple in Shivdaspura, well known as “Bara Padampura”, famous in north India for its very beautiful statue of God Padamprabhu (The 6th Teerthankar for Jains). God is sitting in a crossed leg seating posture. The statue is 0.7 m high and made of pure white stone. It was found while digging for foundation of a house.","(26.923767, 75.819993)",,,,,,,,"(26.923767, 75.819993)"
2,,26.928855,75.824086,Govind Devji Temple ,,wikivoyage,red, ,http://www.govinddevji.net/ ,See_Temples,"For Vaishnavites, particularly followers of Lord Krishna, this is the most important temple in the world after Vrindavan. Lord Krishna presiding in the temple were brought to Jaipur from Vrindavan during Mughal rein. According to popular legend, Lord Krishna's idol in the temple looks exactly like Krishna's form while his incarnation of Earth. It is at Jainiwas Gardens, Jalebi Chowk, in the same campus as City Palace. The temple was constructed in 1590.","(26.928855, 75.824086)",,,,,,,,"(26.928855, 75.824086)"
1,,26.91679,75.858903,Galwar Bagh ,,wikivoyage,red,Eastern edge of the city , ,See_Temples," Locals and tourists come here to feed the surprisingly tame monkeys, use the temples, and enjoy the views. You can climb to the top of the hill and then down into the valley to see the Monkey Temple, while enjoying the company of countless monkeys, goats and other animals. At the top of the hill, you turn right to reach the Sun Temple for one of the best views of the city, especially at sunset. Monkey food is available for purchase at the bottom of the hill. Entrance to the temples are free, but local religious people may ask for donations and there is a ₹50 charge for using a camera.","(26.91679, 75.858903)",,,,,,,,"(26.91679, 75.858903)"
0,,26.915718,75.863171,Galtaji ,,wikivoyage,red,10 km from Jaipur on Jaipur-Agra highway near Sisodia Rani Garden ,http://galtaji.org/ ,See_Temples,"This temple is an ancient Hindu pilgrimage site. The main temple, Galtaji, is constructed in pink stone. The temple has a number of pavilions with rounded roofs, exquisitely carved pillars and painted walls. The temple is surrounded by natural springs and reservoirs that are considered holy. There are also seven tanks or ''kunds'' here. There are two routes to reach the temple: if you arrive from west you will have to hike uphill and downhill for about 20 minutes; the eastern gate is easily accessible by car, though it is a longer journey to get there.","(26.915718, 75.863171)",,,,,,,,"(26.915718, 75.863171)"
0,,26.8907,75.817689,Birla Mandir (aka The Marble Temple) ,,wikivoyage,red, ,http://www.jaipur.org.uk/temples/birla-temple.html ,See_Temples,"This is a relatively new temple made of white marble with beautiful carvings. It covers a vast area in Jaipur city and is built in a contemporary manner. Birla Temple is completely constructed with the finest high-quality white marbles. In addition to having statues and paintings of Hindu deities, the temple has pictures of famous philosophers from around the world including Socrates, Confucius and Zoroaster. No bags (besides purses), food, cameras. No photos allowed in the temple, but rules are not enforced outside.","(26.8907, 75.817689)",,,,,,,,"(26.8907, 75.817689)"
0,,26.90222,75.74062,Akshardham Temple ,,wikivoyage,red,Vaishali Nagar , ,See_Temples,,"(26.90222, 75.74062)",,,,,,,,"(26.90222, 75.74062)"
0,,26.953,75.846,Jal Mahal ,,wikivoyage,red,Jal Mahal Amer Road , ,See_Palaces,This beautiful Jal Mahal or water palace was made by the King of Amber in the middle of the Man Sagar Lake. The Jal Mahal represents the use of Mughal and Rajput architecture style.,"(26.953, 75.846)",,,,,,,,"(26.953, 75.846)"
0,,26.925,75.823,City Palace ,,wikivoyage,red,Jaleb Chowk ,https://royaljaipur.in/ ,See_Palaces,"An imposing blend of traditional Rajput and Mughal architecture. It is a vast palace complex occupying nearly one-seventh of the Pink City. It was built by Maharaja Jai Singh II. The complex is divided into a series of courtyards, sprawling gardens and buildings. It is home to several palatial structures like the '''Chandra Mahal''', (home to present Maharajah of Jaipur), '''Mubarak Mahal''' (housing a textile museum), '''Diwan-e-Khas''' (or Hall of Private audience housing the two largest silver vessels in the world, which are duly mentioned in the Guinness book), the '''Diwan-e-Aam''' ( or Hall of Public Audience) and the gateway '''Ridhi Sidhi Pol''' (with four small doorways decorated with motifs depicting the four seasons). Be warned that although they sell tickets for taking photos with a camera inside, most exhibits inside have a ""no photography"" sign.","(26.925, 75.823)",,,,,,,,"(26.925, 75.823)"
2,,26.939946,75.816768,Nahargarh Fort ,,wikivoyage,red,"Krishna Nagar, Brahampuri ",http://tourismtravelindia.com/rajasthanportal/touristattractions/NAHARGARH.html ,See_Forts,"The smallest of the three forts, notable primarily for excellent views over Man Sagar lake and the vast sprawl of Jaipur. Built in 1734 by the Maharaja Sawai Jai Singh II in a mix of Indian and European styles, the fort also houses the (relatively) compact Madhavendra Bhawan palace, although its former splendour is fading under layers of graffiti and pigeon droppings. Some of the film ''Rang De Basanti'' were shot at this fort. To get to the area where the ""Pathshala"" song was shot, take a left turn as soon as you enter the fort. An autorickshaw can be taken from the stand in front of the Amber fort. The fort also houses the Jaipur's Wax Museum and Sheesh Mahal, although tickets for these have to be bought separately and are ridiculously expensive. Beware if buying the Wax Museum and Sheesh Mahal combo ticket, you'll be paraded through the largely unimpressive museum and then be told to queue for the Sheesh Mahal which can last from 30 minutes to 2 hours.","(26.939946, 75.816768)",,,,,,,,"(26.939946, 75.816768)"
1,,26.986654,75.845654,Jaigarh Fort ,,wikivoyage,red, ,http://tourism.rajasthan.gov.in/jaipur#jaigarh-fort ,See_Forts,"Never conquered in battle, this was considered the strongest of the three forts in the area. It is best known as the site of the world's largest cannon, the ''Jaivana'', which was test-fired only once &mdash; according to legend, despite using only the half the design amount of gunpowder, the cannonball flew 35 km! A better reason to visit the fort, though, are the scenic gardens at the other end and the spectacular views over the Amber Fort and the hills around. The remains of the foundry where the Jaivana (and many more) were cast are also in the fort grounds. There are multiple boards with ""no tips allowed,"" in case someone is bothering you.","(26.986654, 75.845654)",,,,,,,,"(26.986654, 75.845654)"
0,,26.985486,75.851345,Amber Fort ,,wikivoyage,red, ,http://www.tourism.rajasthan.gov.in/amber-palace.html ,See_Forts,"This massive fort-palace complex built in hybrid Hindu-Muslim style dates back to Raja Man Singh and was the royal palace of the Kachwahas from c. 1600-1727. It's one of six [[world heritage]] forts in Rajasthan. The name has nothing to do with the rather pretty pastel yellow colour; instead, the fort is named after the town of Amber, in turn named after the goddess Amba. The main sights within the fort include the ''Sheesh Mahal'', adorned with thousands on thousands of mirror tiles on the walls and ceiling. The fort/palace grounds are sprawling and the information panels (Hindi/English) are somewhat limited, so it might be worth getting an audio guide or a real guide. It's a bit of a hike up from the town, and the touristy thing to do is to ride on an elephant to the top (in order to get an elephant it is better to arrive there in the morning, otherwise at midday the elephants are done working; however, the road that the elephants walk on is not so long). If you hire a genuine guide, you will be taken not only to the Amber Fort but also to the Rajasthan Kala Mandir (a government operated shop) to buy souvenirs. Guides get a 2% commission on the items you buy there. Also see the ''Amber Light Show'' below. The site has come under scrutiny as tourists claim to have witnessed the elephants being beaten by handlers. If you walk up the hill to the Jaigarh Fort be prepared to pay the entry fee as the path terminates at a ticket window and there is no way around to the road.","(26.985486, 75.851345)",,,,,,,,"(26.985486, 75.851345)"
0,,26.824167,75.812222,Jaipur International Airport ,,wikivoyage,red, , ,Get in_By plane,"Offers sporadic (chartered) service from [[London]] and [[Dublin]]. Direct flights from Singapore, Bangkok, Sharjah, Muscat and [[Dubai]] are also available. Jaipur also has daily domestic air links with many Indian cities such as [[Jodhpur]], [[Udaipur]], [[Aurangabad]], [[Delhi]], [[Hyderabad]], [[Kolkata]], [[Goa]], [[Chennai]], [[Ahmedabad]], [[Bangalore]], [[Mumbai]], [[Pune]] and [[Indore]].","(26.824167, 75.812222)",,,,,,,,"(26.824167, 75.812222)"
1,,26.9873443,73.73890107316704,Nagaur,,wikivoyage,red,,,Understand_Read,''Jaipur – Nagaur - Deshnoke (India Charming Chaos)'' by Johnny Fincioen. This book concentrates on Jaipur and two small villages and puts them in historic context. The text and the 190 original pictures offer the reader a holistic view of the particular way of life in Rajasthan.,"(26.9873443, 73.73890107316704)",,,,,,,,"(26.9873443, 73.73890107316704)"
0,,26.916666666667,75.866666666667,Jaipur,,S,orange,,,urban area,,,http://www.wikidata.org/entity/Q66485,https://de.wikipedia.org/wiki/Jaipur,https://en.wikipedia.org/wiki/Jaipur,Point(75.866666666 26.916666666),4.73,137.0,http://www.wikidata.org/entity/Q702492,"('26.916666666667', '75.866666666667')"
4,,26.924,75.82672,Hawa Mahal,,S,orange,,,palace,,,http://www.wikidata.org/entity/Q836531,https://de.wikipedia.org/wiki/Hawa_Mahal,https://en.wikipedia.org/wiki/Hawa_Mahal,Point(75.82672 26.924),1.221,56.0,http://www.wikidata.org/entity/Q16560,"('26.924', '75.82672')"
5,,26.924722222222,75.825,Jantar Mantar,,S,orange,,,collection,,,http://www.wikidata.org/entity/Q508634,https://de.wikipedia.org/wiki/Jantar_Mantar_(Jaipur),"https://en.wikipedia.org/wiki/Jantar_Mantar,_Jaipur",Point(75.825 26.924722222),1.19,46.0,http://www.wikidata.org/entity/Q2668072,"('26.924722222222', '75.825')"
7,,26.985555555556,75.85,Amber Fort,,S,orange,,,palace,,,http://www.wikidata.org/entity/Q456817,https://de.wikipedia.org/wiki/Fort_Amber,https://en.wikipedia.org/wiki/Amber_Fort,Point(75.85 26.985555555),8.379,38.0,http://www.wikidata.org/entity/Q16560,"('26.985555555556', '75.85')"
9,,26.824166666667,75.812222222222,Jaipur International Airport,,S,orange,,,airport,,,http://www.wikidata.org/entity/Q572387,https://de.wikipedia.org/wiki/Flughafen_Jaipur,https://en.wikipedia.org/wiki/Jaipur_International_Airport,Point(75.812222222 26.824166666),10.173,28.0,http://www.wikidata.org/entity/Q1248784,"('26.824166666667', '75.812222222222')"
11,,26.953333333333,75.846111111111,Jal Mahal,,S,orange,,,artificial island,,,http://www.wikidata.org/entity/Q2757538,,https://en.wikipedia.org/wiki/Jal_Mahal,Point(75.846111111 26.953333333),4.997,24.0,http://www.wikidata.org/entity/Q13691,"('26.953333333333', '75.846111111111')"
13,,26.9255,75.8236,City Palace,,A,green,,,museum,,,http://www.wikidata.org/entity/Q2723395,,"https://en.wikipedia.org/wiki/City_Palace,_Jaipur",Point(75.8236 26.9255),1.207,19.0,http://www.wikidata.org/entity/Q33506,"('26.9255', '75.8236')"
15,,26.983333333333,75.866666666667,Amber,,A,green,,,city,,,http://www.wikidata.org/entity/Q8197166,https://de.wikipedia.org/wiki/Amber_(Indien),"https://en.wikipedia.org/wiki/Amber,_India",Point(75.866666666 26.983333333),8.905,19.0,http://www.wikidata.org/entity/Q515,"('26.983333333333', '75.866666666667')"
16,,26.982777777778,75.844722222222,Jaigarh Fort,,A,green,,,fort,,,http://www.wikidata.org/entity/Q2722759,https://de.wikipedia.org/wiki/Fort_Jaigarh,https://en.wikipedia.org/wiki/Jaigarh_Fort,Point(75.844722222 26.982777777),7.908,18.0,http://www.wikidata.org/entity/Q1785071,"('26.982777777778', '75.844722222222')"
17,,26.9375,75.815833333333,Nahargarh Fort,,A,green,,,fort,,,http://www.wikidata.org/entity/Q2723401,,https://en.wikipedia.org/wiki/Nahargarh_Fort,Point(75.815833333 26.9375),2.471,17.0,http://www.wikidata.org/entity/Q1785071,"('26.9375', '75.815833333333')"
18,,26.926,75.8235,Jaipur bombings,,A,green,,,terrorist attack,,,http://www.wikidata.org/entity/Q153582,,https://en.wikipedia.org/wiki/Jaipur_bombings,Point(75.8235 26.926),1.255,12.0,http://www.wikidata.org/entity/Q2223653,"('26.926', '75.8235')"
20,,26.85865,75.814475,Roman Catholic Diocese of Jaipur,,A,green,,,diocese of the Catholic Church,,,http://www.wikidata.org/entity/Q392056,https://de.wikipedia.org/wiki/Bistum_Jaipur,https://en.wikipedia.org/wiki/Roman_Catholic_Diocese_of_Jaipur,Point(75.814475 26.85865),6.332,12.0,http://www.wikidata.org/entity/Q3146899,"('26.85865', '75.814475')"
21,,26.93333333,75.81666667,Jaipur division,,A,green,,,division of Rajasthan,,,http://www.wikidata.org/entity/Q1134770,https://de.wikipedia.org/wiki/Jaipur_(Division),https://en.wikipedia.org/wiki/Jaipur_division,Point(75.81666667 26.93333333),2.001,12.0,http://www.wikidata.org/entity/Q125907350,"('26.93333333', '75.81666667')"
22,,26.89611111,75.80833333,Rambagh Palace,,A,green,,,hotel,,,http://www.wikidata.org/entity/Q7289168,,"https://en.wikipedia.org/wiki/Rambagh_Palace,_Jaipur",Point(75.80833333 26.89611111),2.396,11.0,http://www.wikidata.org/entity/Q27686,"('26.89611111', '75.80833333')"
26,,26.89403056,75.803225,Sawai Mansingh Stadium,,A,green,,,cricket field,,,http://www.wikidata.org/entity/Q7428548,https://de.wikipedia.org/wiki/Sawai_Mansingh_Stadium,https://en.wikipedia.org/wiki/Sawai_Mansingh_Stadium,Point(75.803225 26.89403056),2.849,11.0,http://www.wikidata.org/entity/Q682943,"('26.89403056', '75.803225')"
27,,26.885247222222,75.819983333333,University of Rajasthan,,B,violet,,,university,,,http://www.wikidata.org/entity/Q7896201,,https://en.wikipedia.org/wiki/University_of_Rajasthan,Point(75.819983333 26.885247222),3.361,9.0,http://www.wikidata.org/entity/Q3918,"('26.885247222222', '75.819983333333')"
29,,26.8921609,75.8155296,Birla Mandir,,B,violet,,,Birla Mandir,,,http://www.wikidata.org/entity/Q4916529,,"https://en.wikipedia.org/wiki/Birla_Mandir,_Jaipur",Point(75.8155296 26.8921609),2.613,8.0,http://www.wikidata.org/entity/Q4916528,"('26.8921609', '75.8155296')"
30,,26.98333333,75.8525,Maota Lake,,B,violet,,,intermittent reservoir,,,http://www.wikidata.org/entity/Q24930625,,https://en.wikipedia.org/wiki/Maota_Lake,Point(75.8525 26.98333333),8.246,8.0,http://www.wikidata.org/entity/Q55470036,"('26.98333333', '75.8525')"
34,,26.91692,75.85812,Galtaji,,B,violet,,,Hindu temple,,,http://www.wikidata.org/entity/Q3635211,,https://en.wikipedia.org/wiki/Galtaji,Point(75.85812 26.91692),3.884,7.0,http://www.wikidata.org/entity/Q842402,"('26.91692', '75.85812')"
35,,26.9118,75.8195,Albert Hall Museum,,B,violet,,,museum,,,http://www.wikidata.org/entity/Q4710411,,https://en.wikipedia.org/wiki/Albert_Hall_Museum,Point(75.8195 26.9118),0.41,7.0,http://www.wikidata.org/entity/Q33506,"('26.9118', '75.8195')"
36,,26.92883,75.82403,Govind Dev Ji Temple,,B,violet,,,Hindu temple,,,http://www.wikidata.org/entity/Q5589834,,https://en.wikipedia.org/wiki/Govind_Dev_Ji_Temple,Point(75.82403 26.92883),1.569,7.0,http://www.wikidata.org/entity/Q842402,"('26.92883', '75.82403')"
37,,26.9343638,75.8325646,National Institute of Ayurveda,,B,violet,,,university,,,http://www.wikidata.org/entity/Q6973609,,https://en.wikipedia.org/wiki/National_Institute_of_Ayurveda,Point(75.8325646 26.9343638),2.496,7.0,http://www.wikidata.org/entity/Q3918,"('26.9343638', '75.8325646')"
38,,26.98000833,75.84369167,Jaivana Cannon,,B,violet,,,cannon,,,http://www.wikidata.org/entity/Q6124312,,https://en.wikipedia.org/wiki/Jaivana_Cannon,Point(75.84369167 26.98000833),7.584,6.0,http://www.wikidata.org/entity/Q81103,"('26.98000833', '75.84369167')"
40,,26.876299,75.809166,Jawahar Kala Kendra,,B,violet,,,museum,,,http://www.wikidata.org/entity/Q6165903,,https://en.wikipedia.org/wiki/Jawahar_Kala_Kendra,Point(75.809166 26.876299),4.461,6.0,http://www.wikidata.org/entity/Q33506,"('26.876299', '75.809166')"
42,,26.907675,75.78593,Raj Bhavan,,B,violet,,,building,,,http://www.wikidata.org/entity/Q7285276,,"https://en.wikipedia.org/wiki/Raj_Bhavan,_Jaipur",Point(75.78593 26.907675),3.389,5.0,http://www.wikidata.org/entity/Q41176,"('26.907675', '75.78593')"
43,,26.9297,75.8078,"Bissau Palace Hotel, Jaipur",,B,violet,,,architectural structure,,,http://www.wikidata.org/entity/Q20638819,,"https://en.wikipedia.org/wiki/Bissau_Palace_Hotel,_Jaipur",Point(75.8078 26.9297),1.933,5.0,http://www.wikidata.org/entity/Q811979,"('26.9297', '75.8078')"
44,,26.98885556,75.85118333,Jagat Shiromani Temple,,B,violet,,,Hindu temple,,,http://www.wikidata.org/entity/Q21503605,,"https://en.wikipedia.org/wiki/Jagat_Shiromani_Temple,_Amer",Point(75.85118333 26.98885556),8.763,5.0,http://www.wikidata.org/entity/Q842402,"('26.98885556', '75.85118333')"
45,,26.95611111,75.84611111,Man Sagar Lake,,B,violet,,,lake,,,http://www.wikidata.org/entity/Q19893629,https://de.wikipedia.org/wiki/Man_Sagar_Lake,https://en.wikipedia.org/wiki/Man_Sagar_Lake,Point(75.84611111 26.95611111),5.26,5.0,http://www.wikidata.org/entity/Q23397,"('26.95611111', '75.84611111')"
47,,26.8404,75.8003,Jawahar Circle,,C,yellow,,,park,,,http://www.wikidata.org/entity/Q6165899,,https://en.wikipedia.org/wiki/Jawahar_Circle,Point(75.8003 26.8404),8.549,4.0,http://www.wikidata.org/entity/Q22698,"('26.8404', '75.8003')"
48,,26.8992687,75.858629,Sisodiya Rani Bagh,,C,yellow,,,garden,,,http://www.wikidata.org/entity/Q7530898,,https://en.wikipedia.org/wiki/Sisodiya_Rani_Bagh,Point(75.858629 26.8992687),4.324,4.0,http://www.wikidata.org/entity/Q1107656,"('26.8992687', '75.858629')"
50,,26.9122356,75.8214355,Jaipur Zoo,,C,yellow,,,zoo,,,http://www.wikidata.org/entity/Q15229182,,https://en.wikipedia.org/wiki/Jaipur_Zoo,Point(75.8214355 26.9122356),0.433,4.0,http://www.wikidata.org/entity/Q43501,"('26.9122356', '75.8214355')"
51,,26.92,75.82,National Institute of Agricultural Marketing,,C,yellow,,,academic institution,,,http://www.wikidata.org/entity/Q16895680,,https://en.wikipedia.org/wiki/National_Institute_of_Agricultural_Marketing,Point(75.82 26.92),0.515,4.0,http://www.wikidata.org/entity/Q4671277,"('26.92', '75.82')"
53,,26.9124235,75.7872809,Hirnoda,,C,yellow,,,Village in India,,,http://www.wikidata.org/entity/Q24907568,,https://en.wikipedia.org/wiki/Hirnoda,Point(75.7872809 26.9124235),3.161,4.0,http://www.wikidata.org/entity/Q56436498,"('26.9124235', '75.7872809')"
54,,26.9153,75.8187,Ram Niwas Garden,,C,yellow,,,garden,,,http://www.wikidata.org/entity/Q2770471,,https://en.wikipedia.org/wiki/Ram_Niwas_Garden,Point(75.8187 26.9153),0.033,3.0,http://www.wikidata.org/entity/Q1107656,"('26.9153', '75.8187')"
55,,26.9,75.73,Chitrakoot Colony,,C,yellow,,,Village in India,,,http://www.wikidata.org/entity/Q5102315,,https://en.wikipedia.org/wiki/Chitrakoot_Colony,Point(75.73 26.9),8.989,3.0,http://www.wikidata.org/entity/Q56436498,"('26.9', '75.73')"
56,,26.9453466,75.8269604,Garh Ganesh Temple,,C,yellow,,,Hindu temple,,,http://www.wikidata.org/entity/Q5523215,,https://en.wikipedia.org/wiki/Garh_Ganesh_Temple,Point(75.8269604 26.9453466),3.416,3.0,http://www.wikidata.org/entity/Q842402,"('26.9453466', '75.8269604')"
57,,26.8099,75.8625,Gyanvihar University,,C,yellow,,,deemed university,,,http://www.wikidata.org/entity/Q5624011,,https://en.wikipedia.org/wiki/Suresh_Gyan_Vihar_University,Point(75.8625 26.8099),12.506,3.0,http://www.wikidata.org/entity/Q3520135,"('26.8099', '75.8625')"
59,,26.820819444444,75.816261111111,Indian Institute of Health Management Research,,C,yellow,,,institute,,,http://www.wikidata.org/entity/Q6020608,,https://en.wikipedia.org/wiki/Indian_Institute_of_Health_Management_Research,Point(75.816261111 26.820819444),10.526,3.0,http://www.wikidata.org/entity/Q1664720,"('26.820819444444', '75.816261111111')"
60,,26.7975,75.8266,Rajasthan University of Health Sciences,,C,yellow,,,university,,,http://www.wikidata.org/entity/Q7285851,,https://en.wikipedia.org/wiki/Rajasthan_University_of_Health_Sciences,Point(75.8266 26.7975),13.137,3.0,http://www.wikidata.org/entity/Q3918,"('26.7975', '75.8266')"
62,,26.90578611,75.81914444,Sawai ManSingh Medical College,,C,yellow,,,medical college in India,,,http://www.wikidata.org/entity/Q7428546,,https://en.wikipedia.org/wiki/Sawai_Man_Singh_Medical_College,Point(75.81914444 26.90578611),1.075,3.0,http://www.wikidata.org/entity/Q17072837,"('26.90578611', '75.81914444')"
63,,26.96356389,75.84738889,Kanak Vrindavan,,C,yellow,,,park,,,http://www.wikidata.org/entity/Q12417933,,https://en.wikipedia.org/wiki/Kanak_Vrindavan,Point(75.84738889 26.96356389),6.045,3.0,http://www.wikidata.org/entity/Q22698,"('26.96356389', '75.84738889')"
64,,26.9567,75.779,Biyani Institute of Science and Management for Girls,,C,yellow,,,university,,,http://www.wikidata.org/entity/Q19882379,,https://en.wikipedia.org/wiki/Biyani_Institute_of_Science_and_Management_for_Girls,Point(75.779 26.9567),6.061,3.0,http://www.wikidata.org/entity/Q3918,"('26.9567', '75.779')"
65,,26.91527778,75.78694444,"Railway Cricket Ground, Jaipur",,C,yellow,,,cricket field,,,http://www.wikidata.org/entity/Q24748004,,"https://en.wikipedia.org/wiki/Railway_Cricket_Ground,_Jaipur",Point(75.78694444 26.91527778),3.176,3.0,http://www.wikidata.org/entity/Q682943,"('26.91527778', '75.78694444')"
66,,26.815,75.78611111,Sanghiji,,C,yellow,,,Jain temple,,,http://www.wikidata.org/entity/Q24931166,,https://en.wikipedia.org/wiki/Sanghiji,Point(75.78611111 26.815),11.636,3.0,http://www.wikidata.org/entity/Q2613100,"('26.815', '75.78611111')"
68,,26.894621,75.81674,Moti Dungri,,C,yellow,,,Hindu temple,,,http://www.wikidata.org/entity/Q28154167,,https://en.wikipedia.org/wiki/Moti_Dungri,Point(75.81674 26.894621),2.327,3.0,http://www.wikidata.org/entity/Q842402,"('26.894621', '75.81674')"
69,,26.9262837,75.8268671,Kalki Mandir,,C,yellow,,,Hindu temple,,,http://www.wikidata.org/entity/Q55615608,,https://en.wikipedia.org/wiki/Kalki_Mandir,Point(75.8268671 26.9262837),1.435,3.0,http://www.wikidata.org/entity/Q842402,"('26.9262837', '75.8268671')"
70,,26.8575,75.7625,"City Park, Jaipur",,C,yellow,,,urban park,,,http://www.wikidata.org/entity/Q127787701,,"https://en.wikipedia.org/wiki/City_Park,_Jaipur",Point(75.7625 26.8575),8.538,3.0,http://www.wikidata.org/entity/Q22746,"('26.8575', '75.7625')"
73,,26.8622,75.8156,"National Institute of Food Technology, Entrepreneurship and Management, Thanjavur",,C,yellow,,,university,,,http://www.wikidata.org/entity/Q6020591,,"https://en.wikipedia.org/wiki/National_Institute_of_Food_Technology,_Entrepreneurship_and_Management,_Thanjavur",Point(75.8156 26.8622),5.931,2.0,http://www.wikidata.org/entity/Q3918,"('26.8622', '75.8156')"
74,,26.8928872,75.8141408,Jaipur Development Authority,,C,yellow,,,organization,,,http://www.wikidata.org/entity/Q6124124,,https://en.wikipedia.org/wiki/Jaipur_Development_Authority,Point(75.8141408 26.8928872),2.555,2.0,http://www.wikidata.org/entity/Q43229,"('26.8928872', '75.8141408')"
76,,26.936347222222,75.923522222222,LNM Institute of Information Technology,,C,yellow,,,university,,,http://www.wikidata.org/entity/Q6459368,,https://en.wikipedia.org/wiki/LNM_Institute_of_Information_Technology,Point(75.923522222 26.936347222),10.621,2.0,http://www.wikidata.org/entity/Q3918,"('26.936347222222', '75.923522222222')"
78,,26.911666022398,75.815130272243,Maharani College,,C,yellow,,,constituent college,,,http://www.wikidata.org/entity/Q6733298,,https://en.wikipedia.org/wiki/Maharani_College,Point(75.815130272 26.911666022),0.569,2.0,http://www.wikidata.org/entity/Q62079009,"('26.911666022398', '75.815130272243')"
79,,26.9154985,75.8101639,"Raj Mandir Cinema, Jaipur",,C,yellow,,,movie theater,,,http://www.wikidata.org/entity/Q7285323,,https://en.wikipedia.org/wiki/Raj_Mandir_Cinema,Point(75.8101639 26.9154985),0.874,2.0,http://www.wikidata.org/entity/Q41253,"('26.9154985', '75.8101639')"
81,,26.9,75.8,Sotwara,,C,yellow,,,Village in India,,,http://www.wikidata.org/entity/Q7564039,,https://en.wikipedia.org/wiki/Sotwara,Point(75.8 26.9),2.549,2.0,http://www.wikidata.org/entity/Q56436498,"('26.9', '75.8')"
82,,26.942922,75.8246595,Cenotaphs of Gaitore,,C,yellow,,,cenotaph,,,http://www.wikidata.org/entity/Q12424215,,,Point(75.8246595 26.942922),3.105,2.0,http://www.wikidata.org/entity/Q321053,"('26.942922', '75.8246595')"
83,,26.9106,75.8164,"Maharaja College, Jaipur",,C,yellow,,,academic institution,,,http://www.wikidata.org/entity/Q13645962,,"https://en.wikipedia.org/wiki/Maharaja_College,_Jaipur",Point(75.8164 26.9106),0.598,2.0,http://www.wikidata.org/entity/Q4671277,"('26.9106', '75.8164')"
84,,26.8482911,75.8572343,Jaipur National University,,C,yellow,,,university,,,http://www.wikidata.org/entity/Q14957004,,https://en.wikipedia.org/wiki/Jaipur_National_University,Point(75.8572343 26.8482911),8.377,2.0,http://www.wikidata.org/entity/Q3918,"('26.8482911', '75.8572343')"
85,,26.91738333,75.79804444,"St Xaviers College, Jaipur",,C,yellow,,,university,,,http://www.wikidata.org/entity/Q14957049,,https://en.wikipedia.org/wiki/St._Xavier%27s_College_Jaipur,Point(75.79804444 26.91738333),2.087,2.0,http://www.wikidata.org/entity/Q3918,"('26.91738333', '75.79804444')"
88,,26.9566266,75.7768861,Biyani Group of Colleges,,C,yellow,,,university,,,http://www.wikidata.org/entity/Q19882378,,https://en.wikipedia.org/wiki/Biyani_Group_of_Colleges,Point(75.7768861 26.9566266),6.194,2.0,http://www.wikidata.org/entity/Q3918,"('26.9566266', '75.7768861')"
89,,26.8731552,75.8144564,Indian Institute of Crafts and Design,,C,yellow,,,university,,,http://www.wikidata.org/entity/Q19891888,,https://en.wikipedia.org/wiki/Indian_Institute_of_Crafts_and_Design,Point(75.8144564 26.8731552),4.725,2.0,http://www.wikidata.org/entity/Q3918,"('26.8731552', '75.8144564')"
90,,26.894027777778,75.803222222222,Sawai Mansingh Indoor Stadium,,C,yellow,,,stadium,,,http://www.wikidata.org/entity/Q21519711,,https://en.wikipedia.org/wiki/Sawai_Mansingh_Indoor_Stadium,Point(75.803222222 26.894027777),2.849,2.0,http://www.wikidata.org/entity/Q483110,"('26.894027777778', '75.803222222222')"
91,,26.854536,75.8261661,Bit Jaipur,,C,yellow,,,academic institution,,,http://www.wikidata.org/entity/Q24590285,,"https://en.wikipedia.org/wiki/Birla_Institute_of_Technology,_Jaipur",Point(75.8261661 26.854536),6.811,2.0,http://www.wikidata.org/entity/Q4671277,"('26.854536', '75.8261661')"
94,,26.92,75.8,Manaksas,,C,yellow,,,human-geographic territorial entity,,,http://www.wikidata.org/entity/Q27964045,,https://en.wikipedia.org/wiki/Manaksas,Point(75.8 26.92),1.949,2.0,http://www.wikidata.org/entity/Q15642541,"('26.92', '75.8')"
101,,26.889042,75.730431,Rawat PG Girls College,,C,yellow,,,academic institution,,,http://www.wikidata.org/entity/Q30625906,,https://en.wikipedia.org/wiki/Rawat_PG_Girls_College,Point(75.730431 26.889042),9.259,2.0,http://www.wikidata.org/entity/Q4671277,"('26.889042', '75.730431')"
103,,27.031,75.894,Arya College,,C,yellow,,,private university,,,http://www.wikidata.org/entity/Q48732496,,https://en.wikipedia.org/wiki/Arya_College,Point(75.894 27.031),14.843,2.0,http://www.wikidata.org/entity/Q902104,"('27.031', '75.894')"
107,,26.922964,75.822593,Tarkeshwar Nath Temple,,C,yellow,,,Hindu temple,,,http://www.wikidata.org/entity/Q65122612,,https://en.wikipedia.org/wiki/Tarkeshwar_Nath_Temple,Point(75.822593 26.922964),0.908,2.0,http://www.wikidata.org/entity/Q842402,"('26.922964', '75.822593')"
108,,26.8586,75.8146,Cathedral of Our Lady of the Annunciation in Jaipur,,C,yellow,,,Catholic cathedral,,,http://www.wikidata.org/entity/Q117428610,,,Point(75.8146 26.8586),6.337,2.0,http://www.wikidata.org/entity/Q56242215,"('26.8586', '75.8146')"
109,,26.915242605588,75.801424724315,Amrapali Museum,,C,yellow,,,museum,,,http://www.wikidata.org/entity/Q117473179,,https://en.wikipedia.org/wiki/Amrapali_Museum,Point(75.801424724 26.915242605),1.741,2.0,http://www.wikidata.org/entity/Q33506,"('26.915242605588', '75.801424724315')"
110,,26.85547,75.8145253,ARCH Academy of Design,,D,blue,,,university,,,http://www.wikidata.org/entity/Q4653604,,https://en.wikipedia.org/wiki/ARCH_Academy_of_Design,Point(75.8145253 26.85547),6.685,1.0,http://www.wikidata.org/entity/Q3918,"('26.85547', '75.8145253')"
111,,26.9305629,75.8206665,Chaugan Stadium,,D,blue,,,stadium,,,http://www.wikidata.org/entity/Q5088134,,https://en.wikipedia.org/wiki/Chaugan_Stadium,Point(75.8206665 26.9305629),1.688,1.0,http://www.wikidata.org/entity/Q483110,"('26.9305629', '75.8206665')"
115,,26.868527777778,75.764583333333,Neerja Modi School,,D,blue,,,boarding school,,,http://www.wikidata.org/entity/Q6986946,,https://en.wikipedia.org/wiki/Neerja_Modi_School,Point(75.764583333 26.868527777),7.505,1.0,http://www.wikidata.org/entity/Q269770,"('26.868527777778', '75.764583333333')"
116,,26.87055833,75.69424444,Rajasthan pharmacy college,,D,blue,,,university,,,http://www.wikidata.org/entity/Q7285853,,https://en.wikipedia.org/wiki/Rajasthan_Pharmacy_College,Point(75.69424444 26.87055833),13.339,1.0,http://www.wikidata.org/entity/Q3918,"('26.87055833', '75.69424444')"
120,,26.904008,75.808915,"Central Park, Jaipur",,D,blue,,,park,,,http://www.wikidata.org/entity/Q16247328,,"https://en.wikipedia.org/wiki/Central_Park,_Jaipur",Point(75.808915 26.904008),1.618,1.0,http://www.wikidata.org/entity/Q22698,"('26.904008', '75.808915')"
122,,26.92359,75.80059,Sindhi Camp,,D,blue,,,Inter State Bus Terminal,,,http://www.wikidata.org/entity/Q16909762,,https://en.wikipedia.org/wiki/Sindhi_Camp,Point(75.80059 26.92359),2.035,1.0,http://www.wikidata.org/entity/Q16963757,"('26.92359', '75.80059')"
124,,26.811677777778,75.889888888889,Vivekananda Global University,,D,blue,,,university,,,http://www.wikidata.org/entity/Q19899106,,https://en.wikipedia.org/wiki/Vivekananda_Global_University,Point(75.889888888 26.811677777),13.514,1.0,http://www.wikidata.org/entity/Q3918,"('26.811677777778', '75.889888888889')"
126,,26.92296,75.826814,Badi Chaupar,,D,blue,,,terminus,,,http://www.wikidata.org/entity/Q20311991,,https://en.wikipedia.org/wiki/Badi_Chaupar_metro_station,Point(75.826814 26.92296),1.14,1.0,http://www.wikidata.org/entity/Q20202072,"('26.92296', '75.826814')"
130,,26.899279,75.735711,Jayshree Periwal High School,,D,blue,,,high school,,,http://www.wikidata.org/entity/Q24947697,,https://en.wikipedia.org/wiki/Jayshree_Periwal_High_School,Point(75.735711 26.899279),8.45,1.0,http://www.wikidata.org/entity/Q9826,"('26.899279', '75.735711')"
138,,26.846944444444,75.844166666667,Kho,,D,blue,,,hill,,,http://www.wikidata.org/entity/Q26817671,,,Point(75.844166666 26.846944444),8.017,1.0,http://www.wikidata.org/entity/Q54050,"('26.846944444444', '75.844166666667')"
153,,26.905769,75.805197,Birla Institute of Scientific Research,,D,blue,,,facility,,,http://www.wikidata.org/entity/Q30264786,,https://en.wikipedia.org/wiki/Birla_Institute_of_Scientific_Research,Point(75.805197 26.905769),1.74,1.0,http://www.wikidata.org/entity/Q13226383,"('26.905769', '75.805197')"
154,,26.88081,75.7531503,IPS Business School,,D,blue,,,academic institution,,,http://www.wikidata.org/entity/Q30622395,,https://en.wikipedia.org/wiki/IPS_Business_School,Point(75.7531503 26.88081),7.58,1.0,http://www.wikidata.org/entity/Q4671277,"('26.88081', '75.7531503')"
156,,26.888919444444,75.891236111111,"ICFAI University, Jaipur",,D,blue,,,university,,,http://www.wikidata.org/entity/Q30632331,,"https://en.wikipedia.org/wiki/ICFAI_University,_Jaipur",Point(75.891236111 26.888919444),7.748,1.0,http://www.wikidata.org/entity/Q3918,"('26.888919444444', '75.891236111111')"
157,,26.8708717,75.804616,Haridev Joshi University of Journalism and Mass Communication,,D,blue,,,academic institution,,,http://www.wikidata.org/entity/Q39047119,,https://en.wikipedia.org/wiki/Haridev_Joshi_University_of_Journalism_and_Mass_Communication,Point(75.804616 26.8708717),5.158,1.0,http://www.wikidata.org/entity/Q4671277,"('26.8708717', '75.804616')"
158,,27.013333333333,75.826388888889,Q49703292,,D,blue,,,intermittent reservoir,,,http://www.wikidata.org/entity/Q49703292,,,Point(75.826388888 27.013333333),10.907,1.0,http://www.wikidata.org/entity/Q55470036,"('27.013333333333', '75.826388888889')"
159,,26.956388888889,75.849722222222,Q49703555,,D,blue,,,intermittent reservoir,,,http://www.wikidata.org/entity/Q49703555,,,Point(75.849722222 26.956388888),5.477,1.0,http://www.wikidata.org/entity/Q55470036,"('26.956388888889', '75.849722222222')"
161,,26.993934,75.850776,Anokhi Museum of Hand Printing,,D,blue,,,museum,,,http://www.wikidata.org/entity/Q61931254,,https://en.wikipedia.org/wiki/Anokhi_Museum_of_Hand_Printing,Point(75.850776 26.993934),9.277,1.0,http://www.wikidata.org/entity/Q33506,"('26.993934', '75.850776')"
162,,26.923983,75.822642,Isar lat,,D,blue,,,tower,,,http://www.wikidata.org/entity/Q97119492,,,Point(75.822642 26.923983),1.015,1.0,http://www.wikidata.org/entity/Q12518,"('26.923983', '75.822642')"
163,,26.917111111111,75.852305555556,Sun Temple,,D,blue,,,Hindu temple,,,http://www.wikidata.org/entity/Q97119504,,,Point(75.852305555 26.917111111),3.309,1.0,http://www.wikidata.org/entity/Q842402,"('26.917111111111', '75.852305555556')"
164,,26.98982112,75.84987867,Sun Temple,,D,blue,,,temple,,,http://www.wikidata.org/entity/Q97119518,,,Point(75.84987867 26.98982112),8.817,1.0,http://www.wikidata.org/entity/Q44539,"('26.98982112', '75.84987867')"
165,,26.991166666667,75.851222222222,Panna Meena ka Kund,,D,blue,,,stepwell,,,http://www.wikidata.org/entity/Q97119522,,,Point(75.851222222 26.991166666),9.004,1.0,http://www.wikidata.org/entity/Q1473950,"('26.991166666667', '75.851222222222')"
166,,26.98625,75.853333333333,Dalaram Garden,,D,blue,,,garden,,,http://www.wikidata.org/entity/Q97119523,,,Point(75.853333333 26.98625),8.576,1.0,http://www.wikidata.org/entity/Q1107656,"('26.98625', '75.853333333333')"
167,,26.9255,75.8272,Sawai Man Singh Town Hall,,D,blue,,,Rathaus,,,http://www.wikidata.org/entity/Q97119538,,,Point(75.8272 26.9255),1.382,1.0,http://www.wikidata.org/entity/Q543654,"('26.9255', '75.8272')"
170,,26.98795556,75.85561667,Laxmi Narayan Temple,,D,blue,,,Hindu temple,,,http://www.wikidata.org/entity/Q97459442,,,Point(75.85561667 26.98795556),8.841,1.0,http://www.wikidata.org/entity/Q842402,"('26.98795556', '75.85561667')"
171,,26.98888056,75.85636389,Jama Masjid,,D,blue,,,mosque,,,http://www.wikidata.org/entity/Q97459441,,,Point(75.85636389 26.98888056),8.965,1.0,http://www.wikidata.org/entity/Q32815,"('26.98888056', '75.85636389')"
172,,26.9265194,75.8095736,Q102453479,,D,blue,,,gate,,,http://www.wikidata.org/entity/Q102453479,,,Point(75.8095736 26.9265194),1.544,1.0,http://www.wikidata.org/entity/Q53060,"('26.9265194', '75.8095736')"
173,,26.984861111111,75.852416666667,Kesar Kyari Garden,,D,blue,,,garden,,,http://www.wikidata.org/entity/Q110122752,,,Point(75.852416666 26.984861111),8.398,1.0,http://www.wikidata.org/entity/Q1107656,"('26.984861111111', '75.852416666667')"
174,,26.986944444444,75.85375,Ram Bagh,,D,blue,,,garden,,,http://www.wikidata.org/entity/Q110910357,,,Point(75.85375 26.986944444),8.663,1.0,http://www.wikidata.org/entity/Q1107656,"('26.986944444444', '75.85375')"
