,itemLabel,lat,lon,address,url,thingLabel,description,fetched_coordinates,tier,color
0,--,26.9154576,75.8189817,,,Understand,,"(26.9154576, 75.8189817)",wikivoyage,red
1,Nagaur,26.9873443,73.73890107316704,,,Understand,''Jaipur – Nagaur - Deshnoke (India Charming Chaos)'' by Johnny Fincioen. This book concentrates on Jaipur and two small villages and puts them in historic context. The text and the 190 original pictures offer the reader a holistic view of the particular way of life in Rajasthan.,"(26.9873443, 73.73890107316704)",wikivoyage,red
0,--,26.9154576,75.8189817,,,Understand,,"(26.9154576, 75.8189817)",wikivoyage,red
0,--,26.9154576,75.8189817,,,Understand_Read,,"(26.9154576, 75.8189817)",wikivoyage,red
1,Nagaur,26.9873443,73.73890107316704,,,Understand_Read,''Jaipur – Nagaur - Deshnoke (India Charming Chaos)'' by Johnny Fincioen. This book concentrates on Jaipur and two small villages and puts them in historic context. The text and the 190 original pictures offer the reader a holistic view of the particular way of life in Rajasthan.,"(26.9873443, 73.73890107316704)",wikivoyage,red
0,--,26.9154576,75.8189817,,,Understand_Tourist information,,"(26.9154576, 75.8189817)",wikivoyage,red
0,Jaipur International Airport ,26.824167,75.812222, , ,Get in,"Offers sporadic (chartered) service from [[London]] and [[Dublin]]. Direct flights from Singapore, Bangkok, Sharjah, Muscat and [[Dubai]] are also available. Jaipur also has daily domestic air links with many Indian cities such as [[Jodhpur]], [[Udaipur]], [[Aurangabad]], [[Delhi]], [[Hyderabad]], [[Kolkata]], [[Goa]], [[Chennai]], [[Ahmedabad]], [[Bangalore]], [[Mumbai]], [[Pune]] and [[Indore]].","(26.824167, 75.812222)",wikivoyage,red
0,Jaipur International Airport ,26.824167,75.812222, , ,Get in_By plane,"Offers sporadic (chartered) service from [[London]] and [[Dublin]]. Direct flights from Singapore, Bangkok, Sharjah, Muscat and [[Dubai]] are also available. Jaipur also has daily domestic air links with many Indian cities such as [[Jodhpur]], [[Udaipur]], [[Aurangabad]], [[Delhi]], [[Hyderabad]], [[Kolkata]], [[Goa]], [[Chennai]], [[Ahmedabad]], [[Bangalore]], [[Mumbai]], [[Pune]] and [[Indore]].","(26.824167, 75.812222)",wikivoyage,red
0,Amber Fort ,26.985486,75.851345, ,http://www.tourism.rajasthan.gov.in/amber-palace.html ,See,"This massive fort-palace complex built in hybrid Hindu-Muslim style dates back to Raja Man Singh and was the royal palace of the Kachwahas from c. 1600-1727. It's one of six [[world heritage]] forts in Rajasthan. The name has nothing to do with the rather pretty pastel yellow colour; instead, the fort is named after the town of Amber, in turn named after the goddess Amba. The main sights within the fort include the ''Sheesh Mahal'', adorned with thousands on thousands of mirror tiles on the walls and ceiling. The fort/palace grounds are sprawling and the information panels (Hindi/English) are somewhat limited, so it might be worth getting an audio guide or a real guide. It's a bit of a hike up from the town, and the touristy thing to do is to ride on an elephant to the top (in order to get an elephant it is better to arrive there in the morning, otherwise at midday the elephants are done working; however, the road that the elephants walk on is not so long). If you hire a genuine guide, you will be taken not only to the Amber Fort but also to the Rajasthan Kala Mandir (a government operated shop) to buy souvenirs. Guides get a 2% commission on the items you buy there. Also see the ''Amber Light Show'' below. The site has come under scrutiny as tourists claim to have witnessed the elephants being beaten by handlers. If you walk up the hill to the Jaigarh Fort be prepared to pay the entry fee as the path terminates at a ticket window and there is no way around to the road.","(26.985486, 75.851345)",wikivoyage,red
1,Jaigarh Fort ,26.986654,75.845654, ,http://tourism.rajasthan.gov.in/jaipur#jaigarh-fort ,See,"Never conquered in battle, this was considered the strongest of the three forts in the area. It is best known as the site of the world's largest cannon, the ''Jaivana'', which was test-fired only once &mdash; according to legend, despite using only the half the design amount of gunpowder, the cannonball flew 35 km! A better reason to visit the fort, though, are the scenic gardens at the other end and the spectacular views over the Amber Fort and the hills around. The remains of the foundry where the Jaivana (and many more) were cast are also in the fort grounds. There are multiple boards with ""no tips allowed,"" in case someone is bothering you.","(26.986654, 75.845654)",wikivoyage,red
2,Nahargarh Fort ,26.939946,75.816768,"Krishna Nagar, Brahampuri ",http://tourismtravelindia.com/rajasthanportal/touristattractions/NAHARGARH.html ,See,"The smallest of the three forts, notable primarily for excellent views over Man Sagar lake and the vast sprawl of Jaipur. Built in 1734 by the Maharaja Sawai Jai Singh II in a mix of Indian and European styles, the fort also houses the (relatively) compact Madhavendra Bhawan palace, although its former splendour is fading under layers of graffiti and pigeon droppings. Some of the film ''Rang De Basanti'' were shot at this fort. To get to the area where the ""Pathshala"" song was shot, take a left turn as soon as you enter the fort. An autorickshaw can be taken from the stand in front of the Amber fort. The fort also houses the Jaipur's Wax Museum and Sheesh Mahal, although tickets for these have to be bought separately and are ridiculously expensive. Beware if buying the Wax Museum and Sheesh Mahal combo ticket, you'll be paraded through the largely unimpressive museum and then be told to queue for the Sheesh Mahal which can last from 30 minutes to 2 hours.","(26.939946, 75.816768)",wikivoyage,red
0,City Palace ,26.925,75.823,Jaleb Chowk ,https://royaljaipur.in/ ,See,"An imposing blend of traditional Rajput and Mughal architecture. It is a vast palace complex occupying nearly one-seventh of the Pink City. It was built by Maharaja Jai Singh II. The complex is divided into a series of courtyards, sprawling gardens and buildings. It is home to several palatial structures like the '''Chandra Mahal''', (home to present Maharajah of Jaipur), '''Mubarak Mahal''' (housing a textile museum), '''Diwan-e-Khas''' (or Hall of Private audience housing the two largest silver vessels in the world, which are duly mentioned in the Guinness book), the '''Diwan-e-Aam''' ( or Hall of Public Audience) and the gateway '''Ridhi Sidhi Pol''' (with four small doorways decorated with motifs depicting the four seasons). Be warned that although they sell tickets for taking photos with a camera inside, most exhibits inside have a ""no photography"" sign.","(26.925, 75.823)",wikivoyage,red
0,--,26.9154576,75.8189817,,,See,,"(26.9154576, 75.8189817)",wikivoyage,red
0,Jal Mahal ,26.953,75.846,Jal Mahal Amer Road , ,See,This beautiful Jal Mahal or water palace was made by the King of Amber in the middle of the Man Sagar Lake. The Jal Mahal represents the use of Mughal and Rajput architecture style.,"(26.953, 75.846)",wikivoyage,red
0,Akshardham Temple ,26.90222,75.74062,Vaishali Nagar , ,See,,"(26.90222, 75.74062)",wikivoyage,red
0,Birla Mandir (aka The Marble Temple) ,26.8907,75.817689, ,http://www.jaipur.org.uk/temples/birla-temple.html ,See,"This is a relatively new temple made of white marble with beautiful carvings. It covers a vast area in Jaipur city and is built in a contemporary manner. Birla Temple is completely constructed with the finest high-quality white marbles. In addition to having statues and paintings of Hindu deities, the temple has pictures of famous philosophers from around the world including Socrates, Confucius and Zoroaster. No bags (besides purses), food, cameras. No photos allowed in the temple, but rules are not enforced outside.","(26.8907, 75.817689)",wikivoyage,red
0,Galtaji ,26.915718,75.863171,10 km from Jaipur on Jaipur-Agra highway near Sisodia Rani Garden ,http://galtaji.org/ ,See,"This temple is an ancient Hindu pilgrimage site. The main temple, Galtaji, is constructed in pink stone. The temple has a number of pavilions with rounded roofs, exquisitely carved pillars and painted walls. The temple is surrounded by natural springs and reservoirs that are considered holy. There are also seven tanks or ''kunds'' here. There are two routes to reach the temple: if you arrive from west you will have to hike uphill and downhill for about 20 minutes; the eastern gate is easily accessible by car, though it is a longer journey to get there.","(26.915718, 75.863171)",wikivoyage,red
1,Galwar Bagh ,26.91679,75.858903,Eastern edge of the city , ,See," Locals and tourists come here to feed the surprisingly tame monkeys, use the temples, and enjoy the views. You can climb to the top of the hill and then down into the valley to see the Monkey Temple, while enjoying the company of countless monkeys, goats and other animals. At the top of the hill, you turn right to reach the Sun Temple for one of the best views of the city, especially at sunset. Monkey food is available for purchase at the bottom of the hill. Entrance to the temples are free, but local religious people may ask for donations and there is a ₹50 charge for using a camera.","(26.91679, 75.858903)",wikivoyage,red
2,Govind Devji Temple ,26.928855,75.824086, ,http://www.govinddevji.net/ ,See,"For Vaishnavites, particularly followers of Lord Krishna, this is the most important temple in the world after Vrindavan. Lord Krishna presiding in the temple were brought to Jaipur from Vrindavan during Mughal rein. According to popular legend, Lord Krishna's idol in the temple looks exactly like Krishna's form while his incarnation of Earth. It is at Jainiwas Gardens, Jalebi Chowk, in the same campus as City Palace. The temple was constructed in 1590.","(26.928855, 75.824086)",wikivoyage,red
3,Jain Mandir ,26.923767,75.819993, , ,See," Jain temple in Shivdaspura, well known as “Bara Padampura”, famous in north India for its very beautiful statue of God Padamprabhu (The 6th Teerthankar for Jains). God is sitting in a crossed leg seating posture. The statue is 0.7 m high and made of pure white stone. It was found while digging for foundation of a house.","(26.923767, 75.819993)",wikivoyage,red
4,Moti Dungri Mandir ,26.894818,75.815182,JLN Road ,https://www.facebook.com/pages/Motie-Dungri-Ganesh-Temple-Jaipur/377718742253504?rf,See," This temple, dedicated to Lord Ganesha, is the main centre of religion for Jaipur people. Moti Dungri, meaning Pearl Hill, is a small hill that hosts a temple and a palace. It is said that this temple was built before construction of the rest of the city was begun, so as to protect the city.","(26.894818, 75.815182)",wikivoyage,red
0,Gaitore ,26.942865,75.824643, , ,See,A royal cremation site of the rulers of Jaipur.,"(26.942865, 75.824643)",wikivoyage,red
0,Iswari Minar Swarga Sal ,26.923983,75.822642,Chandpol Bazaar near City Palace , ,See,"A minar (minaret) with great views of Jaipur. There is an alternative to the minar that's open 24/7. Just across the other side of the road (Chandpol Bazaar) from the minaret is a shopping complex with stairs up to a rooftop area where you can get basically the same view as from the minar. To get there, go through the arched gateway almost opposite the minar, then as soon as you get to the courtyard, look to the left for a metal spiral staircase and keep climbing until you reach the roof, walk around the corridor to the next set of stair and go up another floor until you know you can't go any higher.","(26.923983, 75.822642)",wikivoyage,red
1,Jantar Mantar ,26.924762,75.82456, ,http://museumsrajasthan.gov.in/mounment_Jantar-Mantar.htm ,See,This [[UNESCO World Heritage site,"(26.924762, 75.82456)",wikivoyage,red
2,Panna Meena Ka Kund Stepwell ,26.991105,75.851229, , ,See,"People come here to get water, swim or hang out with their loved ones.","(26.991105, 75.851229)",wikivoyage,red
0,Ram Niwas Garden ,26.9127378,75.8201801,exact city centre , ,See,"Built in 1868 by Maharaja Sawai Ram Singh of Jaipur, this garden contains a bird park, zoo, Ravindra Rang Manch Theatre, art gallery, exhibition ground, gymnasium and several cafes and picnic spots.","(26.9127378, 75.8201801)",wikivoyage,red
1,Sisodia Rani Palace and Garden,26.899164,75.859387, , ,See,"This palace was established by Sawai Jai Singh for his queen Sisodia, rulers of one of the oldest kingdoms of India. There are tiered multi-level gardens with fountains, watercourses and painted pavilions. A double-storeyed palace occupies the top terrace of the garden. The palace has many galleries, pavilions and beautiful murals depicting scenes from the life of lord Krishna.","(26.899164, 75.859387)",wikivoyage,red
2,Vidyadhar Garden,26.899791,75.853619, , ,See,The garden is a real treat for those who want to see a fusion of Mughal and Hindu culture.,"(26.899791, 75.853619)",wikivoyage,red
3,Zoological Garden,26.915,75.8223, , ,See,"In the serene environment of Ram Niwas Bagh, this garden is prized for its rich flora and fauna.","(26.915, 75.8223)",wikivoyage,red
0,Anokhi Museum of Hand Printing ,26.992622,75.850814, ,http://www.anokhi.com/museum/home.html ,See,"A beautiful clean museum dedicated to the traditional art of hand block printing textiles, this museum is housed in a restored heritage haveli tucked into the back streets of old Amber. Small cafe (see ""Eat""), clean toilets, small shop selling hand printed contemporary wearable clothes and textiles, friendly staff and a printer and block carver demonstrating their crafts every day.","(26.992622, 75.850814)",wikivoyage,red
1,Central Museum ,26.9117,75.8195,"Ramniwas Bag, Adarsh Nagar ",http://alberthalljaipur.gov.in ,See,"A fine example of Indo-Saracenic architecture, this building was designed by Sir Samuel Swinton Jacob and was opened as public museum in 1887. Maharaja Ram Singh wanted this building to be a town hall, but his successor, Madho Singh II, decided it should be a museum for the art of Jaipur and included as part of the new Ram Nivas Garden. The museum has a rich collection of artefacts like paintings, carpets, ivory, stone, metal sculptures and colourful crystal works. It is named after King Edward VII (Albert Edward), during whose visit to the city as the Prince of Wales, its foundation stone was laid on 6 February 1876.","(26.9117, 75.8195)",wikivoyage,red
0,Statue Circle ,26.9075,75.8056,"C-Scheme, Ashok Nagar ", ,See,Statue Circle is exactly what it sounds like: a roundabout that contains a statue that is beautifully lit up at night.,"(26.9075, 75.8056)",wikivoyage,red
0,Amber Fort ,26.985486,75.851345, ,http://www.tourism.rajasthan.gov.in/amber-palace.html ,See_Forts,"This massive fort-palace complex built in hybrid Hindu-Muslim style dates back to Raja Man Singh and was the royal palace of the Kachwahas from c. 1600-1727. It's one of six [[world heritage]] forts in Rajasthan. The name has nothing to do with the rather pretty pastel yellow colour; instead, the fort is named after the town of Amber, in turn named after the goddess Amba. The main sights within the fort include the ''Sheesh Mahal'', adorned with thousands on thousands of mirror tiles on the walls and ceiling. The fort/palace grounds are sprawling and the information panels (Hindi/English) are somewhat limited, so it might be worth getting an audio guide or a real guide. It's a bit of a hike up from the town, and the touristy thing to do is to ride on an elephant to the top (in order to get an elephant it is better to arrive there in the morning, otherwise at midday the elephants are done working; however, the road that the elephants walk on is not so long). If you hire a genuine guide, you will be taken not only to the Amber Fort but also to the Rajasthan Kala Mandir (a government operated shop) to buy souvenirs. Guides get a 2% commission on the items you buy there. Also see the ''Amber Light Show'' below. The site has come under scrutiny as tourists claim to have witnessed the elephants being beaten by handlers. If you walk up the hill to the Jaigarh Fort be prepared to pay the entry fee as the path terminates at a ticket window and there is no way around to the road.","(26.985486, 75.851345)",wikivoyage,red
1,Jaigarh Fort ,26.986654,75.845654, ,http://tourism.rajasthan.gov.in/jaipur#jaigarh-fort ,See_Forts,"Never conquered in battle, this was considered the strongest of the three forts in the area. It is best known as the site of the world's largest cannon, the ''Jaivana'', which was test-fired only once &mdash; according to legend, despite using only the half the design amount of gunpowder, the cannonball flew 35 km! A better reason to visit the fort, though, are the scenic gardens at the other end and the spectacular views over the Amber Fort and the hills around. The remains of the foundry where the Jaivana (and many more) were cast are also in the fort grounds. There are multiple boards with ""no tips allowed,"" in case someone is bothering you.","(26.986654, 75.845654)",wikivoyage,red
2,Nahargarh Fort ,26.939946,75.816768,"Krishna Nagar, Brahampuri ",http://tourismtravelindia.com/rajasthanportal/touristattractions/NAHARGARH.html ,See_Forts,"The smallest of the three forts, notable primarily for excellent views over Man Sagar lake and the vast sprawl of Jaipur. Built in 1734 by the Maharaja Sawai Jai Singh II in a mix of Indian and European styles, the fort also houses the (relatively) compact Madhavendra Bhawan palace, although its former splendour is fading under layers of graffiti and pigeon droppings. Some of the film ''Rang De Basanti'' were shot at this fort. To get to the area where the ""Pathshala"" song was shot, take a left turn as soon as you enter the fort. An autorickshaw can be taken from the stand in front of the Amber fort. The fort also houses the Jaipur's Wax Museum and Sheesh Mahal, although tickets for these have to be bought separately and are ridiculously expensive. Beware if buying the Wax Museum and Sheesh Mahal combo ticket, you'll be paraded through the largely unimpressive museum and then be told to queue for the Sheesh Mahal which can last from 30 minutes to 2 hours.","(26.939946, 75.816768)",wikivoyage,red
0,City Palace ,26.925,75.823,Jaleb Chowk ,https://royaljaipur.in/ ,See_Palaces,"An imposing blend of traditional Rajput and Mughal architecture. It is a vast palace complex occupying nearly one-seventh of the Pink City. It was built by Maharaja Jai Singh II. The complex is divided into a series of courtyards, sprawling gardens and buildings. It is home to several palatial structures like the '''Chandra Mahal''', (home to present Maharajah of Jaipur), '''Mubarak Mahal''' (housing a textile museum), '''Diwan-e-Khas''' (or Hall of Private audience housing the two largest silver vessels in the world, which are duly mentioned in the Guinness book), the '''Diwan-e-Aam''' ( or Hall of Public Audience) and the gateway '''Ridhi Sidhi Pol''' (with four small doorways decorated with motifs depicting the four seasons). Be warned that although they sell tickets for taking photos with a camera inside, most exhibits inside have a ""no photography"" sign.","(26.925, 75.823)",wikivoyage,red
0,--,26.9154576,75.8189817,,,See_Palaces,,"(26.9154576, 75.8189817)",wikivoyage,red
0,Jal Mahal ,26.953,75.846,Jal Mahal Amer Road , ,See_Palaces,This beautiful Jal Mahal or water palace was made by the King of Amber in the middle of the Man Sagar Lake. The Jal Mahal represents the use of Mughal and Rajput architecture style.,"(26.953, 75.846)",wikivoyage,red
0,Akshardham Temple ,26.90222,75.74062,Vaishali Nagar , ,See_Temples,,"(26.90222, 75.74062)",wikivoyage,red
0,Birla Mandir (aka The Marble Temple) ,26.8907,75.817689, ,http://www.jaipur.org.uk/temples/birla-temple.html ,See_Temples,"This is a relatively new temple made of white marble with beautiful carvings. It covers a vast area in Jaipur city and is built in a contemporary manner. Birla Temple is completely constructed with the finest high-quality white marbles. In addition to having statues and paintings of Hindu deities, the temple has pictures of famous philosophers from around the world including Socrates, Confucius and Zoroaster. No bags (besides purses), food, cameras. No photos allowed in the temple, but rules are not enforced outside.","(26.8907, 75.817689)",wikivoyage,red
0,Galtaji ,26.915718,75.863171,10 km from Jaipur on Jaipur-Agra highway near Sisodia Rani Garden ,http://galtaji.org/ ,See_Temples,"This temple is an ancient Hindu pilgrimage site. The main temple, Galtaji, is constructed in pink stone. The temple has a number of pavilions with rounded roofs, exquisitely carved pillars and painted walls. The temple is surrounded by natural springs and reservoirs that are considered holy. There are also seven tanks or ''kunds'' here. There are two routes to reach the temple: if you arrive from west you will have to hike uphill and downhill for about 20 minutes; the eastern gate is easily accessible by car, though it is a longer journey to get there.","(26.915718, 75.863171)",wikivoyage,red
1,Galwar Bagh ,26.91679,75.858903,Eastern edge of the city , ,See_Temples," Locals and tourists come here to feed the surprisingly tame monkeys, use the temples, and enjoy the views. You can climb to the top of the hill and then down into the valley to see the Monkey Temple, while enjoying the company of countless monkeys, goats and other animals. At the top of the hill, you turn right to reach the Sun Temple for one of the best views of the city, especially at sunset. Monkey food is available for purchase at the bottom of the hill. Entrance to the temples are free, but local religious people may ask for donations and there is a ₹50 charge for using a camera.","(26.91679, 75.858903)",wikivoyage,red
2,Govind Devji Temple ,26.928855,75.824086, ,http://www.govinddevji.net/ ,See_Temples,"For Vaishnavites, particularly followers of Lord Krishna, this is the most important temple in the world after Vrindavan. Lord Krishna presiding in the temple were brought to Jaipur from Vrindavan during Mughal rein. According to popular legend, Lord Krishna's idol in the temple looks exactly like Krishna's form while his incarnation of Earth. It is at Jainiwas Gardens, Jalebi Chowk, in the same campus as City Palace. The temple was constructed in 1590.","(26.928855, 75.824086)",wikivoyage,red
3,Jain Mandir ,26.923767,75.819993, , ,See_Temples," Jain temple in Shivdaspura, well known as “Bara Padampura”, famous in north India for its very beautiful statue of God Padamprabhu (The 6th Teerthankar for Jains). God is sitting in a crossed leg seating posture. The statue is 0.7 m high and made of pure white stone. It was found while digging for foundation of a house.","(26.923767, 75.819993)",wikivoyage,red
4,Moti Dungri Mandir ,26.894818,75.815182,JLN Road ,https://www.facebook.com/pages/Motie-Dungri-Ganesh-Temple-Jaipur/377718742253504?rf,See_Temples," This temple, dedicated to Lord Ganesha, is the main centre of religion for Jaipur people. Moti Dungri, meaning Pearl Hill, is a small hill that hosts a temple and a palace. It is said that this temple was built before construction of the rest of the city was begun, so as to protect the city.","(26.894818, 75.815182)",wikivoyage,red
0,Gaitore ,26.942865,75.824643, , ,See_Monuments,A royal cremation site of the rulers of Jaipur.,"(26.942865, 75.824643)",wikivoyage,red
0,Iswari Minar Swarga Sal ,26.923983,75.822642,Chandpol Bazaar near City Palace , ,See_Monuments,"A minar (minaret) with great views of Jaipur. There is an alternative to the minar that's open 24/7. Just across the other side of the road (Chandpol Bazaar) from the minaret is a shopping complex with stairs up to a rooftop area where you can get basically the same view as from the minar. To get there, go through the arched gateway almost opposite the minar, then as soon as you get to the courtyard, look to the left for a metal spiral staircase and keep climbing until you reach the roof, walk around the corridor to the next set of stair and go up another floor until you know you can't go any higher.","(26.923983, 75.822642)",wikivoyage,red
1,Jantar Mantar ,26.924762,75.82456, ,http://museumsrajasthan.gov.in/mounment_Jantar-Mantar.htm ,See_Monuments,This [[UNESCO World Heritage site,"(26.924762, 75.82456)",wikivoyage,red
2,Panna Meena Ka Kund Stepwell ,26.991105,75.851229, , ,See_Monuments,"People come here to get water, swim or hang out with their loved ones.","(26.991105, 75.851229)",wikivoyage,red
0,Ram Niwas Garden ,26.9127378,75.8201801,exact city centre , ,See_Gardens,"Built in 1868 by Maharaja Sawai Ram Singh of Jaipur, this garden contains a bird park, zoo, Ravindra Rang Manch Theatre, art gallery, exhibition ground, gymnasium and several cafes and picnic spots.","(26.9127378, 75.8201801)",wikivoyage,red
1,Sisodia Rani Palace and Garden,26.899164,75.859387, , ,See_Gardens,"This palace was established by Sawai Jai Singh for his queen Sisodia, rulers of one of the oldest kingdoms of India. There are tiered multi-level gardens with fountains, watercourses and painted pavilions. A double-storeyed palace occupies the top terrace of the garden. The palace has many galleries, pavilions and beautiful murals depicting scenes from the life of lord Krishna.","(26.899164, 75.859387)",wikivoyage,red
2,Vidyadhar Garden,26.899791,75.853619, , ,See_Gardens,The garden is a real treat for those who want to see a fusion of Mughal and Hindu culture.,"(26.899791, 75.853619)",wikivoyage,red
3,Zoological Garden,26.915,75.8223, , ,See_Gardens,"In the serene environment of Ram Niwas Bagh, this garden is prized for its rich flora and fauna.","(26.915, 75.8223)",wikivoyage,red
0,Anokhi Museum of Hand Printing ,26.992622,75.850814, ,http://www.anokhi.com/museum/home.html ,See_Museums,"A beautiful clean museum dedicated to the traditional art of hand block printing textiles, this museum is housed in a restored heritage haveli tucked into the back streets of old Amber. Small cafe (see ""Eat""), clean toilets, small shop selling hand printed contemporary wearable clothes and textiles, friendly staff and a printer and block carver demonstrating their crafts every day.","(26.992622, 75.850814)",wikivoyage,red
1,Central Museum ,26.9117,75.8195,"Ramniwas Bag, Adarsh Nagar ",http://alberthalljaipur.gov.in ,See_Museums,"A fine example of Indo-Saracenic architecture, this building was designed by Sir Samuel Swinton Jacob and was opened as public museum in 1887. Maharaja Ram Singh wanted this building to be a town hall, but his successor, Madho Singh II, decided it should be a museum for the art of Jaipur and included as part of the new Ram Nivas Garden. The museum has a rich collection of artefacts like paintings, carpets, ivory, stone, metal sculptures and colourful crystal works. It is named after King Edward VII (Albert Edward), during whose visit to the city as the Prince of Wales, its foundation stone was laid on 6 February 1876.","(26.9117, 75.8195)",wikivoyage,red
0,Statue Circle ,26.9075,75.8056,"C-Scheme, Ashok Nagar ", ,See_Other,Statue Circle is exactly what it sounds like: a roundabout that contains a statue that is beautifully lit up at night.,"(26.9075, 75.8056)",wikivoyage,red
0,Amber Fort Sound and Light Show ,26.987,75.8512,Lower Amber Fort , ,Do,"Experience the history, culture and life of Amber through this spectacular show. Amitabh Bachhan narrates the story of Rajasthani kings with a script written by Gulzar. Don't forget the mosquito repellent. The light show can be watched from outside the fort, but the sound won't be audible from there. There is also a sound and light show at Jantar Mantar for ₹100.","(26.987, 75.8512)",wikivoyage,red
1,--,26.9154576,75.8189817,,,Do,,"(26.9154576, 75.8189817)",wikivoyage,red
2,B.M. Birla Auditorium and Conference Hall ,26.906,75.8061,"Birla Institute of Scientific Research, Statue Circle ",http://www.bisr.res.in/audi/auditorium.php ,Do,"These are at the heart of Jaipur. This auditorium is spread over 9.8 acres and includes a computer centre, interactive science museum, an information processing centre, library, a processing planetarium, eight research divisions, a dissemination cell and an auditorium. The auditorium has a seating capacity of 1,350 and is among the largest in India. This auditorium is built up to international conference standards. However, people visiting Jaipur for leisure are likely to be most interested in the [http://www.bisr.res.in/planetarium.php Planetarium] (all shows in Hindi) or [http://www.bisr.res.in/museum.php Science Museum] (under renovation as of November 2015) that are part of the complex.","(26.906, 75.8061)",wikivoyage,red
3,Rajmandir Cinema ,26.9146,75.8098," C-16, Panch Batti, Bhagwan Das Rd, C-Scheme ",http://therajmandir.com/ ,Do,"An experience in itself, and another ""don't miss"". Once known as the best cinema India, and still the best in Rajasthan, it offers an overwhelming experience. From the pushing, shoving, and general chaos in the ticket queue, to an audience that laughs, cries, cheers, claps, and consistently talks through the entire film, the Rajmandir provides an insight into Rajasthani culture. The films can be interesting; ''Masala'' movies are action, drama, mystery, suspense, and epics all wrapped into one single film, teeming with dances and obligatory wet sari scenes, and unabashedly lifting generous amounts of plot devices from Western films. The theatre-goers are very friendly and genuinely curious about overseas visitors who come to the Raj. Don't be put off by ""House Full"" notices at the entrance. The box office opens again a nominal 45 minutes before the next performance, and there are usually tickets available. Box seats at ₹120 go first, so its worth going early to avoid disappointment. Shows at 12:30PM, 3:30PM, 6:30PM and 9:30PM. A great place to meet locals, with the nearby McDonald's as a central congregation spot.","(26.9146, 75.8098)",wikivoyage,red
4,Heiwa Heaven The Resort ,0.0,0.0,"Jaisinghpura Khor, Jamdoli Chauraha, Agra Rd ",https://www.heiwaheaven.com/ ,Do,Heiwa Heaven is a Jaipur-based luxury resort that hosts parties and destination weddings.,"(0, 0)",wikivoyage,red
0,Chokhi Dhani ,26.758,75.839,"12 Miles Tonk Road, Via Vatika ",https://chokhidhaniethnicvillage.hotvel.com ,Do,"Around 18 km from Central Jaipur on the Jaipur-[[Tonk]] highway, Chokhi Dhani (''Fine Hamlet'' in Rajasthani dialect) is a kind of virtual village and also a 5-star resort. There are lodging facilities available, but the real attraction is the evening fun-fairs. There are two excellent places to enjoy Rajasthani food served in the traditional mode at their resort. Chokhi Dhani a.k.a. Lalten Restaurant is a more popular place because it is on the main road near the airport and also has other attractions, such as horseback riding, camel riding, bullock cart rides, a maze, boating and kathputli (puppet) shows. You can also watch live folk dances and listen to live folk music for free. It gives the visitor a glimpse of culture from different parts of Rajasthan, and could be nice if you will not have time to see much of Rajasthan yourself. It opens at 5PM, and be sure to get there early as many of the sites are difficult to see when it gets dark. It's a 30-min rickshaw ride from Central Jaipur, or you can go there by bus or taxi, but you are best off making sure you have a ride back.<br />Consider buying the pass for AC hall, because the outdoor seating is a self-served buffet, while in the AC Dining you'll be served food. This makes a massive difference when there are too many people at the restaurant, as the restaurant is unable to keep up with the demand for buffet food.<br />If you would prefer to sleep at the resort, [https://chokhidhani.com/ethnic-resort-jaipur/ have a look at their accommodation]. Avoid going there during the rainy season.","(26.758, 75.839)",wikivoyage,red
0,--,26.9154576,75.8189817,,,Do,,"(26.9154576, 75.8189817)",wikivoyage,red
0,Chokhi Dhani ,26.758,75.839,"12 Miles Tonk Road, Via Vatika ",https://chokhidhaniethnicvillage.hotvel.com ,Do_Nearby,"Around 18 km from Central Jaipur on the Jaipur-[[Tonk]] highway, Chokhi Dhani (''Fine Hamlet'' in Rajasthani dialect) is a kind of virtual village and also a 5-star resort. There are lodging facilities available, but the real attraction is the evening fun-fairs. There are two excellent places to enjoy Rajasthani food served in the traditional mode at their resort. Chokhi Dhani a.k.a. Lalten Restaurant is a more popular place because it is on the main road near the airport and also has other attractions, such as horseback riding, camel riding, bullock cart rides, a maze, boating and kathputli (puppet) shows. You can also watch live folk dances and listen to live folk music for free. It gives the visitor a glimpse of culture from different parts of Rajasthan, and could be nice if you will not have time to see much of Rajasthan yourself. It opens at 5PM, and be sure to get there early as many of the sites are difficult to see when it gets dark. It's a 30-min rickshaw ride from Central Jaipur, or you can go there by bus or taxi, but you are best off making sure you have a ride back.<br />Consider buying the pass for AC hall, because the outdoor seating is a self-served buffet, while in the AC Dining you'll be served food. This makes a massive difference when there are too many people at the restaurant, as the restaurant is unable to keep up with the demand for buffet food.<br />If you would prefer to sleep at the resort, [https://chokhidhani.com/ethnic-resort-jaipur/ have a look at their accommodation]. Avoid going there during the rainy season.","(26.758, 75.839)",wikivoyage,red
0,--,26.9154576,75.8189817,,,Do_Festivals,,"(26.9154576, 75.8189817)",wikivoyage,red
0,Dhamma Thali Vipassana Meditation Centre ,0.0,0.0,"There are 8 locations in Jaipur, which you can see [http://www.thali.dhamma.org/courses.shtml here], along with contact information of instructors ",http://www.thali.dhamma.org/ ,Learn,1- to 45-day meditation courses (10-day residential courses are given for new students) run for a donation.,"(0, 0)",wikivoyage,red
1,Madhavanand Girls College ,0.0,0.0, , ,Learn,Free hatha yoga courses from 6-7AM.,"(0, 0)",wikivoyage,red
2,Maharaja Sawai Mansingh Sangeet Mahavidyalaya ,26.8976,75.812,Sawai Ram Singh Road ,http://www.msmsvidyalaya.in/ ,Learn,,"(26.8976, 75.812)",wikivoyage,red
3,Nad Sadhna ,26.9053,75.7712,"E-122(A) Kataria Colony, Ram Nagar Extension ",http://nadsadhna.com ,Learn,"An institute of Rajasthani music that holds group classes for vocals, guitars, synthesizer, tabla, sitar, flute, mouthorgan, dholak and dance. Tablas and sitars can be provided to students; other instruments must be brought by students to the class.","(26.9053, 75.7712)",wikivoyage,red
0,Bapu Bazaar and Nehru bazaar ,0.0,0.0, , ,Buy, Bapu and Nehru bazaars are for budget and traditional shoppers. They are popular and chaotic bazaars selling many different items ranging from handicrafts to western outfits.,"(0, 0)",wikivoyage,red
1,Johari Bazaar and Chameliwala Market ,0.0,0.0, , ,Buy,Johari bazaar and Chameliwala Market both best known as jewellery bazaars. There are hundreds of shops lined up in each bazaar selling jewellery of all types. Local jewellery along with authentic gems and stones can also be purchased.,"(0, 0)",wikivoyage,red
2,--,26.9154576,75.8189817,,,Buy,,"(26.9154576, 75.8189817)",wikivoyage,red
0,Gangaur Sweets ,26.9077,75.799,"J-32, Subash Marg, C-Scheme ", ,Eat," Sweets for chamcham, also baked sweets and crispy samosas.","(26.9077, 75.799)",wikivoyage,red
1,Jal Mahal ,26.916,75.8102,"85, MI Road ",https://www.facebook.com/jalmahal.icecreamcreations/ ,Eat,"A popular ice-cream parlor on MI Rd. An assortment of ice cream shakes, and some indigenous ice cream flavours. Excellent after a hearty meal at one of the MI Rd restaurants.","(26.916, 75.8102)",wikivoyage,red
2,Zolocrust ,0.0,0.0,"Hotel Clarks Amer, Jawaharlal Nehru Marg, Near Malviya Nagar ", ,Eat,"The gourmet bakery and Italian restaurant is operated by chefs of Hotel Clarks Amer and serves exquisite bakery items, it also serves vegan and vegetarian food.","(0, 0)",wikivoyage,red
0,Anokhi Cafe ,26.911,75.798," 2nd Floor, KK Square, C-11 Prithviraj Road ",https://www.facebook.com/AnokhiCafe ,Eat,"Mostly organic non-Indian-style (""international flavour"") home-style cakes, freshly prepared sandwiches, pastries, savoury snacks plus organic coffee and a selection of good teas. Quiet, relaxing, good value for money, situated outside the Anokhi shop (see Anokhi Museum of Hand Printing listing in ""See"").","(26.911, 75.798)",wikivoyage,red
1,Ambrosia ,26.9231,75.7986,"In the Hotel Ramsingh Palace, B 2, Hathi Babau Ka Bagh, Kanti Nagar, Banipark ",https://www.facebook.com/pages/Ambrosia/212615442121032 ,Eat,"Serving vegetarian and vegan, Chinese food and barbecue atop a 100-foot-high building providing a breathtaking view of the city.","(26.9231, 75.7986)",wikivoyage,red
2,Old Take Away ,26.9162,75.8081,"146, Subhash Corner, MI Roa ", ,Eat,Various chicken and mutton dishes for take-away.,"(26.9162, 75.8081)",wikivoyage,red
3,Peacock Rooftop Restaurant ,26.916,75.7956,"51, Hari Kishan Somani Marg ",https://hotelpearlpalace.com/wordpress/peacock-rooftop-restaurant ,Eat,"A rooftop restaurant serving Indian, Western and Chinese food. Fast service and good value.","(26.916, 75.7956)",wikivoyage,red
4,Rawat Mishthan Bhandar ,26.9213,75.7952,"Opposite Polo Victory Cinema, Station Road, Sindhi Camp ", ,Eat,"Do not miss the famous Pyaz ki Kachori, a spicy onion dish. Also, the ghewar and mawa kachori is famous.","(26.9213, 75.7952)",wikivoyage,red
0,Apno Gaon ,27.0092,75.7633,"14, New Loha Mandi, Sikar Road, Vishwakarma Industrial Area ", ,Eat,"Vegetarian food, including fresh vegetables and fruits. Slightly away from the main city: One has to go on a bumpy ride to reach there.","(27.0092, 75.7633)",wikivoyage,red
1,Four Seasons Restaurant ,26.9116,75.8016,"D-43A, Subhash Marg, C Scheme ",https://www.facebook.com/fourseasonsjaipur?rf,Eat,"Indian and Chinese food, among the most popular vegetarian restaurants in Jaipur.","(26.9116, 75.8016)",wikivoyage,red
2,Handi Restaurant ,26.917,75.8134,"Maya Mansion, Opp GPO, MI Rd ",http://handirestaurant.com/ ,Eat,"Specialising in meat dishes; chicken, mutton, kebab, tandoori and the super spicy Rajasthani speciality lal maas.","(26.917, 75.8134)",wikivoyage,red
3,Little Italy ,26.9107,75.7986,"C/11, K.K. Square, Prithviraj Marg, C-Scheme ",http://littleitaly.in/restaurant/jaipur_main.html ,Eat,"Part of a chain with restaurants around India and some other Asian countries, as the name reveals, this is a place to go to for Italian food. Wide selection of pizza, pasta and other typical Italian food, also some Mexican dishes. Large range of wines.","(26.9107, 75.7986)",wikivoyage,red
4,LMB ,26.9196,75.8256,"LMB Hotel & Restaurant, 100 Johari Bazaar ",http://www.hotellmb.com/restaurant.aspx ,Eat,"Good mid-range north Indian vegetarian restaurant. The restaurant sells good sweets and chat, Indian sweet and savory snacks, and is most famous for its Aloo ki Tikiya and Paneer Ghewar.","(26.9196, 75.8256)",wikivoyage,red
5,Loharu House ,26.907,75.7831, , ,Eat,"This is the house of a Royal Family in Civil Lines. Primarily a hotel, but they also serve food. You can call in advance and request a special dinner. Otherwise, dinners are served for in-house guests.","(26.907, 75.7831)",wikivoyage,red
6,Mamu's Infusion ,26.9098,75.7957,"101, 1st Floor, Mangalam Ambition Tower, Subhash Marg, C Scheme ", ,Eat,"Serves Indian, Italian, Mexican, Chinese, Thai and Middle Eastern dishes. Quirky decor, large servings and friendly staff.","(26.9098, 75.7957)",wikivoyage,red
7,Natraj ,26.91625,75.81126,"Panch Batti, M.I. Road ",https://www.facebook.com/Natraj-Restaurant-Jaipur-943481692408153/ ,Eat,"Vegetarian, speciality is the Rajasthani thali. Credit cards are accepted and they do not serve alcohol. They also have a mithai (sweets) shop.","(26.91625, 75.81126)",wikivoyage,red
8,Okra ,26.8496,75.7951,"Ashram Marg, Jawahar Circle ", ,Eat,Both a large buffet and a la carte. Reservations are required.,"(26.8496, 75.7951)",wikivoyage,red
9,Zodiac ,26.90237,75.79386,"Fortune Park Bella Casa, Cityplex, 1, Ashram Marg, Tonk Road ", ,Eat,A buffet restaurant with North Indian dishes.,"(26.90237, 75.79386)",wikivoyage,red
0,1135 AD Amber ,26.9857,75.8506,Amer Road ,https://www.facebook.com/1135adamber/ ,Eat,Upscale restaurant in the Amber Fort complex. They serve traditional Rajasthani cuisine in royally decorated dining rooms.,"(26.9857, 75.8506)",wikivoyage,red
1,Cinnamon ,26.9117,75.7851,"Jacob Road, Civil Lines, ",http://www.tajhotels.com/food-and-wine/jai-mahal-palace-jaipur/cinnamon/default.html ,Eat,"Northern Indian cuisine in a romantic setting, however they are reportedly a bit overpriced.","(26.9117, 75.7851)",wikivoyage,red
2,Niros ,26.9165,75.8112,"319, MI Rd, Ashok Nagar ",http://www.nirosindia.com/ ,Eat,Niros is a 60-year-old restaurant serving mostly Indian and Indo-Chinese dishes. Opinions are divided between those who laud the restaurant and others who consider it overpriced and more hype than quality.,"(26.9165, 75.8112)",wikivoyage,red
3,Steam ,26.896,75.8077, , ,Eat,"A train turned into an Italian restaurant, on the grounds of the Taj Rambagh palace. Popular among the upper class of Jaipur, they are also famous for their pizzas.","(26.896, 75.8077)",wikivoyage,red
0,Gangaur Sweets ,26.9077,75.799,"J-32, Subash Marg, C-Scheme ", ,Eat_Budget," Sweets for chamcham, also baked sweets and crispy samosas.","(26.9077, 75.799)",wikivoyage,red
1,Jal Mahal ,26.916,75.8102,"85, MI Road ",https://www.facebook.com/jalmahal.icecreamcreations/ ,Eat_Budget,"A popular ice-cream parlor on MI Rd. An assortment of ice cream shakes, and some indigenous ice cream flavours. Excellent after a hearty meal at one of the MI Rd restaurants.","(26.916, 75.8102)",wikivoyage,red
2,Zolocrust ,0.0,0.0,"Hotel Clarks Amer, Jawaharlal Nehru Marg, Near Malviya Nagar ", ,Eat_Budget,"The gourmet bakery and Italian restaurant is operated by chefs of Hotel Clarks Amer and serves exquisite bakery items, it also serves vegan and vegetarian food.","(0, 0)",wikivoyage,red
0,Anokhi Cafe ,26.911,75.798," 2nd Floor, KK Square, C-11 Prithviraj Road ",https://www.facebook.com/AnokhiCafe ,Eat_Budget,"Mostly organic non-Indian-style (""international flavour"") home-style cakes, freshly prepared sandwiches, pastries, savoury snacks plus organic coffee and a selection of good teas. Quiet, relaxing, good value for money, situated outside the Anokhi shop (see Anokhi Museum of Hand Printing listing in ""See"").","(26.911, 75.798)",wikivoyage,red
1,Ambrosia ,26.9231,75.7986,"In the Hotel Ramsingh Palace, B 2, Hathi Babau Ka Bagh, Kanti Nagar, Banipark ",https://www.facebook.com/pages/Ambrosia/212615442121032 ,Eat_Budget,"Serving vegetarian and vegan, Chinese food and barbecue atop a 100-foot-high building providing a breathtaking view of the city.","(26.9231, 75.7986)",wikivoyage,red
2,Old Take Away ,26.9162,75.8081,"146, Subhash Corner, MI Roa ", ,Eat_Budget,Various chicken and mutton dishes for take-away.,"(26.9162, 75.8081)",wikivoyage,red
3,Peacock Rooftop Restaurant ,26.916,75.7956,"51, Hari Kishan Somani Marg ",https://hotelpearlpalace.com/wordpress/peacock-rooftop-restaurant ,Eat_Budget,"A rooftop restaurant serving Indian, Western and Chinese food. Fast service and good value.","(26.916, 75.7956)",wikivoyage,red
4,Rawat Mishthan Bhandar ,26.9213,75.7952,"Opposite Polo Victory Cinema, Station Road, Sindhi Camp ", ,Eat_Budget,"Do not miss the famous Pyaz ki Kachori, a spicy onion dish. Also, the ghewar and mawa kachori is famous.","(26.9213, 75.7952)",wikivoyage,red
0,Gangaur Sweets ,26.9077,75.799,"J-32, Subash Marg, C-Scheme ", ,Eat_Budget_Sweet," Sweets for chamcham, also baked sweets and crispy samosas.","(26.9077, 75.799)",wikivoyage,red
1,Jal Mahal ,26.916,75.8102,"85, MI Road ",https://www.facebook.com/jalmahal.icecreamcreations/ ,Eat_Budget_Sweet,"A popular ice-cream parlor on MI Rd. An assortment of ice cream shakes, and some indigenous ice cream flavours. Excellent after a hearty meal at one of the MI Rd restaurants.","(26.916, 75.8102)",wikivoyage,red
2,Zolocrust ,0.0,0.0,"Hotel Clarks Amer, Jawaharlal Nehru Marg, Near Malviya Nagar ", ,Eat_Budget_Sweet,"The gourmet bakery and Italian restaurant is operated by chefs of Hotel Clarks Amer and serves exquisite bakery items, it also serves vegan and vegetarian food.","(0, 0)",wikivoyage,red
0,Anokhi Cafe ,26.911,75.798," 2nd Floor, KK Square, C-11 Prithviraj Road ",https://www.facebook.com/AnokhiCafe ,Eat_Budget_Savoury,"Mostly organic non-Indian-style (""international flavour"") home-style cakes, freshly prepared sandwiches, pastries, savoury snacks plus organic coffee and a selection of good teas. Quiet, relaxing, good value for money, situated outside the Anokhi shop (see Anokhi Museum of Hand Printing listing in ""See"").","(26.911, 75.798)",wikivoyage,red
1,Ambrosia ,26.9231,75.7986,"In the Hotel Ramsingh Palace, B 2, Hathi Babau Ka Bagh, Kanti Nagar, Banipark ",https://www.facebook.com/pages/Ambrosia/212615442121032 ,Eat_Budget_Savoury,"Serving vegetarian and vegan, Chinese food and barbecue atop a 100-foot-high building providing a breathtaking view of the city.","(26.9231, 75.7986)",wikivoyage,red
2,Old Take Away ,26.9162,75.8081,"146, Subhash Corner, MI Roa ", ,Eat_Budget_Savoury,Various chicken and mutton dishes for take-away.,"(26.9162, 75.8081)",wikivoyage,red
3,Peacock Rooftop Restaurant ,26.916,75.7956,"51, Hari Kishan Somani Marg ",https://hotelpearlpalace.com/wordpress/peacock-rooftop-restaurant ,Eat_Budget_Savoury,"A rooftop restaurant serving Indian, Western and Chinese food. Fast service and good value.","(26.916, 75.7956)",wikivoyage,red
4,Rawat Mishthan Bhandar ,26.9213,75.7952,"Opposite Polo Victory Cinema, Station Road, Sindhi Camp ", ,Eat_Budget_Savoury,"Do not miss the famous Pyaz ki Kachori, a spicy onion dish. Also, the ghewar and mawa kachori is famous.","(26.9213, 75.7952)",wikivoyage,red
0,Apno Gaon ,27.0092,75.7633,"14, New Loha Mandi, Sikar Road, Vishwakarma Industrial Area ", ,Eat_Mid-range,"Vegetarian food, including fresh vegetables and fruits. Slightly away from the main city: One has to go on a bumpy ride to reach there.","(27.0092, 75.7633)",wikivoyage,red
1,Four Seasons Restaurant ,26.9116,75.8016,"D-43A, Subhash Marg, C Scheme ",https://www.facebook.com/fourseasonsjaipur?rf,Eat_Mid-range,"Indian and Chinese food, among the most popular vegetarian restaurants in Jaipur.","(26.9116, 75.8016)",wikivoyage,red
2,Handi Restaurant ,26.917,75.8134,"Maya Mansion, Opp GPO, MI Rd ",http://handirestaurant.com/ ,Eat_Mid-range,"Specialising in meat dishes; chicken, mutton, kebab, tandoori and the super spicy Rajasthani speciality lal maas.","(26.917, 75.8134)",wikivoyage,red
3,Little Italy ,26.9107,75.7986,"C/11, K.K. Square, Prithviraj Marg, C-Scheme ",http://littleitaly.in/restaurant/jaipur_main.html ,Eat_Mid-range,"Part of a chain with restaurants around India and some other Asian countries, as the name reveals, this is a place to go to for Italian food. Wide selection of pizza, pasta and other typical Italian food, also some Mexican dishes. Large range of wines.","(26.9107, 75.7986)",wikivoyage,red
4,LMB ,26.9196,75.8256,"LMB Hotel & Restaurant, 100 Johari Bazaar ",http://www.hotellmb.com/restaurant.aspx ,Eat_Mid-range,"Good mid-range north Indian vegetarian restaurant. The restaurant sells good sweets and chat, Indian sweet and savory snacks, and is most famous for its Aloo ki Tikiya and Paneer Ghewar.","(26.9196, 75.8256)",wikivoyage,red
5,Loharu House ,26.907,75.7831, , ,Eat_Mid-range,"This is the house of a Royal Family in Civil Lines. Primarily a hotel, but they also serve food. You can call in advance and request a special dinner. Otherwise, dinners are served for in-house guests.","(26.907, 75.7831)",wikivoyage,red
6,Mamu's Infusion ,26.9098,75.7957,"101, 1st Floor, Mangalam Ambition Tower, Subhash Marg, C Scheme ", ,Eat_Mid-range,"Serves Indian, Italian, Mexican, Chinese, Thai and Middle Eastern dishes. Quirky decor, large servings and friendly staff.","(26.9098, 75.7957)",wikivoyage,red
7,Natraj ,26.91625,75.81126,"Panch Batti, M.I. Road ",https://www.facebook.com/Natraj-Restaurant-Jaipur-943481692408153/ ,Eat_Mid-range,"Vegetarian, speciality is the Rajasthani thali. Credit cards are accepted and they do not serve alcohol. They also have a mithai (sweets) shop.","(26.91625, 75.81126)",wikivoyage,red
8,Okra ,26.8496,75.7951,"Ashram Marg, Jawahar Circle ", ,Eat_Mid-range,Both a large buffet and a la carte. Reservations are required.,"(26.8496, 75.7951)",wikivoyage,red
9,Zodiac ,26.90237,75.79386,"Fortune Park Bella Casa, Cityplex, 1, Ashram Marg, Tonk Road ", ,Eat_Mid-range,A buffet restaurant with North Indian dishes.,"(26.90237, 75.79386)",wikivoyage,red
0,1135 AD Amber ,26.9857,75.8506,Amer Road ,https://www.facebook.com/1135adamber/ ,Eat_Splurge,Upscale restaurant in the Amber Fort complex. They serve traditional Rajasthani cuisine in royally decorated dining rooms.,"(26.9857, 75.8506)",wikivoyage,red
1,Cinnamon ,26.9117,75.7851,"Jacob Road, Civil Lines, ",http://www.tajhotels.com/food-and-wine/jai-mahal-palace-jaipur/cinnamon/default.html ,Eat_Splurge,"Northern Indian cuisine in a romantic setting, however they are reportedly a bit overpriced.","(26.9117, 75.7851)",wikivoyage,red
2,Niros ,26.9165,75.8112,"319, MI Rd, Ashok Nagar ",http://www.nirosindia.com/ ,Eat_Splurge,Niros is a 60-year-old restaurant serving mostly Indian and Indo-Chinese dishes. Opinions are divided between those who laud the restaurant and others who consider it overpriced and more hype than quality.,"(26.9165, 75.8112)",wikivoyage,red
3,Steam ,26.896,75.8077, , ,Eat_Splurge,"A train turned into an Italian restaurant, on the grounds of the Taj Rambagh palace. Popular among the upper class of Jaipur, they are also famous for their pizzas.","(26.896, 75.8077)",wikivoyage,red
0,Step Out Cafe,0.0,0.0,"P 14, Sahdev Marg, Near Secretariat, C Scheme, Ashok Nagar",https://www.stepoutcafe.in/,Drink,"Bright and airy. Secluded garden seating. Excellent coffee. Mouth-watering desserts. Lebanese, Mexican, Italian Cuisine. Wide-rage of vegan and gluten-free options.","(0, 0)",wikivoyage,red
0,Amigos Bar & Discoteque ,26.9179,75.8,"Church Road, MI Road ", ,Drink,"Mexico-themed bar at the 9th floor of the OM Tower hotel, in the adjoining room there's a dance floor. Apparently a wider range of beverages and cocktails than at restaurants.","(26.9179, 75.8)",wikivoyage,red
1,Colorbar ,26.8518,75.7956,"Radisson Blu, Plot 5 & 6, Airport Plaza,Tonk Road, Durgapura ",https://www.radissonhotels.com/en-us/hotels/radisson-blu-jaipur/restaurant-bar ,Drink,"On the top of the roof of Radission Blu Airport hotel, with nice views of the planes landing and taking off. Barbecue, pool and interesting luminescent chairs and tables.","(26.8518, 75.7956)",wikivoyage,red
0,District 9 Lounge ,26.8493,75.8078,"E-20, Prem Plaza, Girdhar Marg, Opposite Reliance Fresh ",https://www.facebook.com/District9lounge/ ,Drink,"Rooftop and indoor seating. More of a restaurant than a bar, with dishes from all over the world ranging from spring rolls to pizzas and fajitas to burritos.","(26.8493, 75.8078)",wikivoyage,red
1,Drop Zone Lounge Bar ,26.8496,75.8093,"14/82 & 83, Niti Nagar, Opposite Capt Amit Bhardwaj Petrol Pump, Malviya Nagar ", ,Drink,"A bar with a pleasant rooftop seating with fantastic views, and they serve food as well.","(26.8496, 75.8093)",wikivoyage,red
2,Henry’s – The Pub ,26.9052,75.8124,"Park Prime Hotel, Prithviraj road, Near Statue Circle ",https://www.facebook.com/pages/Henrys-Park-Prime-Jaipur/147076938737915 ,Drink,"Cozy pub in the basement of the Prime Park Hotel, reportedly great for an evening out with your friends. Many different snacks and cocktails. On the downside some guests find the service is a bit slow.","(26.9052, 75.8124)",wikivoyage,red
3,Skyfall By Replay ,26.89262,75.80701,"SB-57, Riddhi Tower, 5th Floor ",https://www.facebook.com/skyfalljaipur/ ,Drink,"Bar, restaurant and lounge with Mexican and Italian cuisine. Different sitting areas, which makes it a good place for private events.","(26.89262, 75.80701)",wikivoyage,red
0,3D's Restro Lounge ,26.8432,75.8025,"A2 Corporate Tower, Near Jawahar Circle ",https://www.facebook.com/3DSRestroLounge/ ,Drink,"A lounge bar with two restaurants (fine dining and casual). A good place to hang out with your friends, and fairly popular among students.","(26.8432, 75.8025)",wikivoyage,red
1,Blackout ,26.9139,75.8056,"9th floor, Golden Oak Hotel, Landmark Building, Ahinsa Circle, C Scheme ",https://www.facebook.com/blackoutjaipur ,Drink,"Bar and nightclub popular with the party crowd, though their food is apparently not very good. Great views of the city from the rooftop lounge.","(26.9139, 75.8056)",wikivoyage,red
2,Club Seven ,26.8918,75.7576,"The Byke Grassfield Resort, Kishan Nagar , Near Bansal Hospital ",https://www.facebook.com/pages/CLUB-SEVEN/395634490599614 ,Drink,"A nightclub with electronic music and different events every few weeks at the Byke Grassfield Resort, some 6-7 km southwest of the city centre.","(26.8918, 75.7576)",wikivoyage,red
3,House of People ,0.0,0.0,"Hotel Las Vegas, A1, Sehkar Marg, Bais Godam ",https://www.zomato.com/jaipur/house-of-people-bais-godam ,Drink,House of People is a nightclub offering a wide variety of drinks and an amazing lounge to hang out. A pint of beer would cost about ₹250. It also attracts good gentry in general.,"(0, 0)",wikivoyage,red
0,Step Out Cafe,0.0,0.0,"P 14, Sahdev Marg, Near Secretariat, C Scheme, Ashok Nagar",https://www.stepoutcafe.in/,Drink_Coffee,"Bright and airy. Secluded garden seating. Excellent coffee. Mouth-watering desserts. Lebanese, Mexican, Italian Cuisine. Wide-rage of vegan and gluten-free options.","(0, 0)",wikivoyage,red
0,Amigos Bar & Discoteque ,26.9179,75.8,"Church Road, MI Road ", ,Drink_Alcohol,"Mexico-themed bar at the 9th floor of the OM Tower hotel, in the adjoining room there's a dance floor. Apparently a wider range of beverages and cocktails than at restaurants.","(26.9179, 75.8)",wikivoyage,red
1,Colorbar ,26.8518,75.7956,"Radisson Blu, Plot 5 & 6, Airport Plaza,Tonk Road, Durgapura ",https://www.radissonhotels.com/en-us/hotels/radisson-blu-jaipur/restaurant-bar ,Drink_Alcohol,"On the top of the roof of Radission Blu Airport hotel, with nice views of the planes landing and taking off. Barbecue, pool and interesting luminescent chairs and tables.","(26.8518, 75.7956)",wikivoyage,red
0,District 9 Lounge ,26.8493,75.8078,"E-20, Prem Plaza, Girdhar Marg, Opposite Reliance Fresh ",https://www.facebook.com/District9lounge/ ,Drink_Alcohol,"Rooftop and indoor seating. More of a restaurant than a bar, with dishes from all over the world ranging from spring rolls to pizzas and fajitas to burritos.","(26.8493, 75.8078)",wikivoyage,red
1,Drop Zone Lounge Bar ,26.8496,75.8093,"14/82 & 83, Niti Nagar, Opposite Capt Amit Bhardwaj Petrol Pump, Malviya Nagar ", ,Drink_Alcohol,"A bar with a pleasant rooftop seating with fantastic views, and they serve food as well.","(26.8496, 75.8093)",wikivoyage,red
2,Henry’s – The Pub ,26.9052,75.8124,"Park Prime Hotel, Prithviraj road, Near Statue Circle ",https://www.facebook.com/pages/Henrys-Park-Prime-Jaipur/147076938737915 ,Drink_Alcohol,"Cozy pub in the basement of the Prime Park Hotel, reportedly great for an evening out with your friends. Many different snacks and cocktails. On the downside some guests find the service is a bit slow.","(26.9052, 75.8124)",wikivoyage,red
3,Skyfall By Replay ,26.89262,75.80701,"SB-57, Riddhi Tower, 5th Floor ",https://www.facebook.com/skyfalljaipur/ ,Drink_Alcohol,"Bar, restaurant and lounge with Mexican and Italian cuisine. Different sitting areas, which makes it a good place for private events.","(26.89262, 75.80701)",wikivoyage,red
0,3D's Restro Lounge ,26.8432,75.8025,"A2 Corporate Tower, Near Jawahar Circle ",https://www.facebook.com/3DSRestroLounge/ ,Drink_Night clubs,"A lounge bar with two restaurants (fine dining and casual). A good place to hang out with your friends, and fairly popular among students.","(26.8432, 75.8025)",wikivoyage,red
1,Blackout ,26.9139,75.8056,"9th floor, Golden Oak Hotel, Landmark Building, Ahinsa Circle, C Scheme ",https://www.facebook.com/blackoutjaipur ,Drink_Night clubs,"Bar and nightclub popular with the party crowd, though their food is apparently not very good. Great views of the city from the rooftop lounge.","(26.9139, 75.8056)",wikivoyage,red
2,Club Seven ,26.8918,75.7576,"The Byke Grassfield Resort, Kishan Nagar , Near Bansal Hospital ",https://www.facebook.com/pages/CLUB-SEVEN/395634490599614 ,Drink_Night clubs,"A nightclub with electronic music and different events every few weeks at the Byke Grassfield Resort, some 6-7 km southwest of the city centre.","(26.8918, 75.7576)",wikivoyage,red
3,House of People ,0.0,0.0,"Hotel Las Vegas, A1, Sehkar Marg, Bais Godam ",https://www.zomato.com/jaipur/house-of-people-bais-godam ,Drink_Night clubs,House of People is a nightclub offering a wide variety of drinks and an amazing lounge to hang out. A pint of beer would cost about ₹250. It also attracts good gentry in general.,"(0, 0)",wikivoyage,red
0,Atithi Guest House ,26.9202,75.7976,1 Park House Scheme ,http://www.atithijaipur.com/ ,Sleep,"A nice, modern and very clean hotel a few minutes from the Pink City. Has a simple restaurant, laundry service, Wi-Fi (check on current rates, which are not posted on their site). Be careful of rickshaw/taxi drivers as they don't get a commission here so may try to bring you somewhere else.","(26.9202, 75.7976)",wikivoyage,red
1,Chit Chat Palace ,26.9255,75.7908,"D-160 Kabir Marg, Bani Park ",http://www.chitchatrestaurantandguesthouse.com/ ,Sleep,"Airport/rail station/bus station pick up available, nice restaurant.","(26.9255, 75.7908)",wikivoyage,red
2,Hotel Kalyan ,26.912416,75.787288,"Hathroi Fort, Ajmer Rd ",https://www.hotelkalyan.com/ ,Sleep,2-star hotel with a quiet and relaxing atmosphere. Free parking and pickup is available from the train station and central bus stand. Tasty restaurant and good service.,"(26.912416, 75.787288)",wikivoyage,red
3,Hotel Malak Mahal ,26.98095,75.85066,"54, Near Jal Mahal, Amer Rd ", ,Sleep,"This hotel, which opened in 2012, has 45 rooms, an in-house restaurant and reserved parking spaces. It also provides free Wi-Fi, air-con rooms with attached washrooms and a nice guest service system. Their reservation phone number is covered 24/7.","(26.98095, 75.85066)",wikivoyage,red
4,Hotel Pearl Palace ,26.9162,75.7956,"51 Hathroi Fort, Hari Kishan Somani Marg, Ajmer Road ",http://www.hotelpearlpalace.com ,Sleep,The place is designed as an art museum. Wonderful roof top patio restaurant. The owners are nice but the front desk clerk is very moody. They do not always honor reservations made from their website.,"(26.9162, 75.7956)",wikivoyage,red
5,Hotel Ramsingh Palace ,26.9236,75.7988,"B-2, Hathi Babu Ka Bagh, Kanti Nagar ",http://hotelramsinghpalace.com/ ,Sleep,"Comfortable beds, each room comes with LCDTV with multiple channels. Walking distance to the train station and central bus stand. Airport/rail station/bus station pick up available, multi-cuisine restaurant.","(26.9236, 75.7988)",wikivoyage,red
6,Hotel Sangam ,26.921,75.7979,17 Motilal Atal Rd ,http://www.hotelsangamjaipur.com/ ,Sleep,"Good mattress, TV, restaurant, includes breakfast toast.","(26.921, 75.7979)",wikivoyage,red
7,Hotel Shikha ,26.9061,75.7971,"R-14, Yudhishthir Marg, C-Scheme ",https://www.hotelshikha.com ,Sleep,The only hotel in Jaipur that is opposite to the deer park in c-scheme. Coffee & wine lounge in premises with Rock Pub and discotheque. Special offers on website.,"(26.9061, 75.7971)",wikivoyage,red
8,Jaipur Inn ,26.928307,75.798092,"B-17, Shiv Marg, Bani Park ",http://www.jaipurinn.com/ ,Sleep,"Hot water, air-con, TV, heater, and telephone in every room. The hotel also has a backup power generator and a lift. Nice rooftop bar with great views over the city. All room rates include rooftop Wi-Fi and free cancellation. They can also serve food. During low season (April/May/June), 50% discount if you stay 2 days or more.","(26.928307, 75.798092)",wikivoyage,red
9,Karni Niwas ,26.9203,75.7973,C-5 Motilal Atal Road ,http://www.hotelkarniniwas.com/ ,Sleep,"Good budget hotel. Very clean with hot water, quiet room. Restaurant, includes continental breakfast.","(26.9203, 75.7973)",wikivoyage,red
10,Moustache Jaipur,26.91958611458579,75.79778428274552,"Park House 7, Mirza Ismail Rd",https://moustachescapes.com/accommodation/Hostel/jaipur,Sleep,"Recommended by many travellers, this hostel is the headquarters of the Moustache chain. The street food tour is recommended by many. Afterwards, you can relax in the rooftop restaurant and pool.","(26.91958611458579, 75.79778428274552)",wikivoyage,red
0,Krishna Palace ,26.928,75.7861,"E-26, Durga Marg, Bani Park ",http://www.krishnapalace.com ,Sleep,"Heritage property which looks like a palace. Nice garden, quiet and very clean. Traditional-style spacious rooms with private bath and hot shower. 24-hr service. Comfortable beds, each room comes with TV with all channels. Rooftop and garden restaurant available. Walking distance to the train station. Managed by a friendly family. Very quiet and relaxing neighbourhood surrounded by greenery. Pickup service from the train and central bus station is free of charge.","(26.928, 75.7861)",wikivoyage,red
1,Moon Light Palace ,26.9127,75.7781,"S-34, Shanti Nagar, Near Labour Court ",http://www.hotelmoonlightpalace.com/ ,Sleep,It's clean with solid Wi-Fi. Free pick up from station. Restaurant has a wide range of food.,"(26.9127, 75.7781)",wikivoyage,red
2,Pink City Guest House ,26.9209,75.7973,18 Motilal Atal Rd , ,Sleep,"Clean rooms and good value with reliable hot water, TV and Wi-Fi - just ask the guy at the reception. Steps away from bus station and few min walk from old town and/or rail station. Five stores down the road south on that side of the street is an amazing vegetarian restaurant Mohal's which does great cheapish food. Make sure you get one of the rooms facing the quiet backstreet. The hotel lacks its own website, and current tariffs seem to be impossible to find online. As of 2012 or so, they charged ₹400-700 for a double room, with off season rates of ₹250 for a very basic room without attached bathroom.","(26.9209, 75.7973)",wikivoyage,red
3,Satkar Hotel ,26.9238,75.7905,"187, Barodia Scheme, Banipark ",http://satkarhotel.com ,Sleep,"Family run budget hotel, free pick up from railway station, bus stand, free Wi-Fi. Air-con and non-air-con rooms with attached bathrooms and TV. Hot shower, food, travel desk, laundry, 5 min walk from railway station. Not especially clean, ceiling fan noisy. Laundry is available for a charge. Walking distance to the bus station in a seedy neighbourhood.","(26.9238, 75.7905)",wikivoyage,red
4,Sunder Palace Guest House ,26.9174,75.7952,"No. 46, Sanjay Marg ",http://www.sunderpalace.com ,Sleep,"Clean rooms, great service, convenient location, a rooftop restaurant, a lovely garden area and a terrace. Tiled double room with cable TV, big bathroom with hot water and a Persian carpet area with a small table where you can sip tea and read. Internet available, but there was a charge for this service a few years ago, so enquire.","(26.9174, 75.7952)",wikivoyage,red
5,Zostel ,0.0,0.0,"First Floor, 85-A, Rajamal Ka Talab, Icici Bank Building, Chandi ki Taksal ",http://www.zostel.com/ ,Sleep,Backpacker hostel.,"(0, 0)",wikivoyage,red
0,Anuraag Villa ,26.9274,75.7892,"D-249, Near Collectorate Circle ",http://www.anuraagvilla.com/index.htm ,Sleep,"3-star hotel 15 min by rickshaw from the city centre. Peaceful place to relax with clean, comfortable rooms and free Wi-Fi Onsite restaurant offers very good vegetarian options Rajasthani style.","(26.9274, 75.7892)",wikivoyage,red
1,Arya Niwas ,26.9217,75.8046,Sansar Chandra Rd ,http://www.hotelaryaniwas.com/ ,Sleep," A feudal lord's mansion converted into a hotel with the ambience of a stately home. Centrally located, family managed, cafeteria serving decent vegetarian food and a garden to relax in during the evenings.","(26.9217, 75.8046)",wikivoyage,red
2,Colonel's Homestead Jaipur ,26.84444,75.74722,"10 & 11 Cosmo Colony, Ram Marg, Amrapali Rd, Vaishali Nagar ",http://www.colonelsbnb.com ,Sleep,"Run by a retired army colonel and his wife, who hails from a royal family of Rajasthan, a peaceful place to stay adjoining 50 acres of bird-filled nature. Home-cooked meals available, and good advice on attractions and shopping.","(26.84444, 75.74722)",wikivoyage,red
3,Hotel Classic Holidays ,26.8912,75.7663,"A-79, Shyam Nagar, Sodala, Ajmer Rd ",http://www.hotelclassicholidays.com ,Sleep,"In a residential area with peaceful, clean, green surroundings.","(26.8912, 75.7663)",wikivoyage,red
4,Hotel Mandakini Castle ,26.9225,75.8047,Sansar Chandra Rd , ,Sleep,"3-star hotel. 12 superior rooms and 26 suites. All are fitted with a private bath with hot & cold water, cable/sat TV, and broadband internet connection. The travel desk, 50-capacity conference area, complimentary transfer services. It is not easy to find current room rates, but the hotel gets mixed reviews from guests.","(26.9225, 75.8047)",wikivoyage,red
0,Hotel Meghniwas ,26.9299,75.7881,"C-9, Sawai Jai Singh Highway, Bani Park ",http://www.meghniwas.com/ ,Sleep,"It also has a garden and a swimming pool, which is free for guests and open to non-guests for a charge.","(26.9299, 75.7881)",wikivoyage,red
1,Hotel Sarang Palace ,26.9373,75.7965,"A- 40, Subhash Nagar Rd, Near Peetal Factory ",http://www.hotelsarangpalace.com ,Sleep,"3-star heritage hotel, offers free pick up from train and bus station.","(26.9373, 75.7965)",wikivoyage,red
2,Loharu House ,26.9063,75.7833,Civil Lines , ,Sleep,This property belongs to the Royal Family of Loharu and they rent out a few rooms. The place is quaint and beautiful and the rooms are well appointed. The service also has the touch of personal care and warmth. A plus side is the cooks are excellent and put together some fine dinners.,"(26.9063, 75.7833)",wikivoyage,red
3,Milestone 251 ,26.9268,75.7898,"Near Collectorate Circle, D-251, Devi Marg, Bani Park ",http://www.milestone251.com/ ,Sleep,Near the railway station in Bani Park area.,"(26.9268, 75.7898)",wikivoyage,red
4,Sumati Villa ,26.9065,75.7962,"7, Shubham Enclave, Jamnalal Bajaj Marg ", ,Sleep,A budget guest house.,"(26.9065, 75.7962)",wikivoyage,red
5,Umaid Bhawan ,26.928,75.7925,"D1-2A, Behari Marg, Bani Park ",http://www.umaidbhawan.com ,Sleep,"A nicely restored heritage hotel with clean, comfortable rooms, many with balconies. Beautifully decorated, it looks like a mini-palace. It has a roof-top restaurant with views of the rising sun in the morning and the setting sun in the evening. The swimming pool is on the ground floor, and it's cold in the off-season. The friendly and helpful staff will arrange airport/train station pickup. Great value, a great place.","(26.928, 75.7925)",wikivoyage,red
6,Umaid Mahal ,26.9279,75.7891,"C-20 / B-2, Bihari Marg, Sawai Jai Singh Highway, ",http://www.umaidmahal.com ,Sleep,A very nice heritage house hotel with 3-star facilities and also offers free pick up from train and bus station.,"(26.9279, 75.7891)",wikivoyage,red
7,Pride Amber Vilas ,0.0,0.0,  ,http://www.pridehotel.com/jaipur/pride-amber-vilas-jaipur/overview/ ,Sleep,,"(0, 0)",wikivoyage,red
8,White Mushroom V Inn Jaipur ,51.0542154,-114.0698189,I - 7 C2 ,http://www.whitemushroomholidays.com/jaipur/ ,Sleep,,"(51.0542154, -114.0698189)",wikivoyage,red
9,Mosaics Guest House ,26.9883,75.8703," Siyaram ki Doongri, '''Amber''' ",http://www.mosaicsguesthouse.com/ ,Sleep,,"(26.9883, 75.8703)",wikivoyage,red
0,Lohagarh Fort Resort Jaipur ,27.0764,75.9387,"Kachera Wala, Kukas (NH-8) ",http://lohagarhfortresort.in/ ,Sleep,"13 acres of green lush mountain area in Kukas, a 50-minute drive from Jaipur. Cottages with private pool, luxury tents with jacuzzi, luxury suite with jacuzzi. Apart from accommodation they offer spa & massage and their pool is one of the biggest in the city. They also have in-house restaurant.","(27.0764, 75.9387)",wikivoyage,red
1,Naila Bagh Palace ,26.9066,75.8229,Moti Doongari Road ,http://www.nailabaghpalace.com ,Sleep,"Heritage home built in 1872 by the Prime Minister of Jaipur (Late Thakur Fateh Singh ji of Naila), now owned and managed by his 7th-generation descendants. It is surrounded with sprawling gardens and open spaces on all sides; the large front courtyard provides ample seating space for our visitors along with providing a calm and serine ambience. One of Jaipur's oldest heritage buildings and home the erstwhile Prime Minister, Thakur Fateh Singh Ji. Surrounded with gardens and open spaces on all sides, large front courtyard provides ample seating, antique chandeliers, original frescos, colonial furniture and a heritage of family history on display. Swimming pool, modest gym, Wi-Fi in some areas.","(26.9066, 75.8229)",wikivoyage,red
2,Oberoi Rajvilas Palace Hotel ,26.877,75.884,Goner Rd ,http://www.oberoirajvilas.com/ ,Sleep,"If you have money to blow and you want to stay in the lap of luxury, this is the place for you. The only problem is that it is nearly impossible to get a booking.","(26.877, 75.884)",wikivoyage,red
3,Taj Rambagh Palace Hotel ,26.8962,75.8083, ,http://www.tajhotels.com/luxury/grand-palaces-and-iconic-hotels/rambagh-palace-jaipur/overview.html ,Sleep,A former palace and an excellent place to stay.,"(26.8962, 75.8083)",wikivoyage,red
4,The Trident Jaipur ,26.9563,75.8424,Amber Fort Rd ,http://www.tridenthotels.com/jaipur/index.asp ,Sleep,"Surprisingly intimate low-rise hotel built like a glittering white Mughal palace, renovated and well maintained. Small pool. It's worth it to pay extra for a lake view room.","(26.9563, 75.8424)",wikivoyage,red
5,Royal Quest Resorts ,0.0,0.0,"NH-8, Kukas, Village Kacherawala ",https://www.royalquestresorts.com/ ,Sleep,5-star resort.,"(0, 0)",wikivoyage,red
0,Atithi Guest House ,26.9202,75.7976,1 Park House Scheme ,http://www.atithijaipur.com/ ,Sleep_Budget,"A nice, modern and very clean hotel a few minutes from the Pink City. Has a simple restaurant, laundry service, Wi-Fi (check on current rates, which are not posted on their site). Be careful of rickshaw/taxi drivers as they don't get a commission here so may try to bring you somewhere else.","(26.9202, 75.7976)",wikivoyage,red
1,Chit Chat Palace ,26.9255,75.7908,"D-160 Kabir Marg, Bani Park ",http://www.chitchatrestaurantandguesthouse.com/ ,Sleep_Budget,"Airport/rail station/bus station pick up available, nice restaurant.","(26.9255, 75.7908)",wikivoyage,red
2,Hotel Kalyan ,26.912416,75.787288,"Hathroi Fort, Ajmer Rd ",https://www.hotelkalyan.com/ ,Sleep_Budget,2-star hotel with a quiet and relaxing atmosphere. Free parking and pickup is available from the train station and central bus stand. Tasty restaurant and good service.,"(26.912416, 75.787288)",wikivoyage,red
3,Hotel Malak Mahal ,26.98095,75.85066,"54, Near Jal Mahal, Amer Rd ", ,Sleep_Budget,"This hotel, which opened in 2012, has 45 rooms, an in-house restaurant and reserved parking spaces. It also provides free Wi-Fi, air-con rooms with attached washrooms and a nice guest service system. Their reservation phone number is covered 24/7.","(26.98095, 75.85066)",wikivoyage,red
4,Hotel Pearl Palace ,26.9162,75.7956,"51 Hathroi Fort, Hari Kishan Somani Marg, Ajmer Road ",http://www.hotelpearlpalace.com ,Sleep_Budget,The place is designed as an art museum. Wonderful roof top patio restaurant. The owners are nice but the front desk clerk is very moody. They do not always honor reservations made from their website.,"(26.9162, 75.7956)",wikivoyage,red
5,Hotel Ramsingh Palace ,26.9236,75.7988,"B-2, Hathi Babu Ka Bagh, Kanti Nagar ",http://hotelramsinghpalace.com/ ,Sleep_Budget,"Comfortable beds, each room comes with LCDTV with multiple channels. Walking distance to the train station and central bus stand. Airport/rail station/bus station pick up available, multi-cuisine restaurant.","(26.9236, 75.7988)",wikivoyage,red
6,Hotel Sangam ,26.921,75.7979,17 Motilal Atal Rd ,http://www.hotelsangamjaipur.com/ ,Sleep_Budget,"Good mattress, TV, restaurant, includes breakfast toast.","(26.921, 75.7979)",wikivoyage,red
7,Hotel Shikha ,26.9061,75.7971,"R-14, Yudhishthir Marg, C-Scheme ",https://www.hotelshikha.com ,Sleep_Budget,The only hotel in Jaipur that is opposite to the deer park in c-scheme. Coffee & wine lounge in premises with Rock Pub and discotheque. Special offers on website.,"(26.9061, 75.7971)",wikivoyage,red
8,Jaipur Inn ,26.928307,75.798092,"B-17, Shiv Marg, Bani Park ",http://www.jaipurinn.com/ ,Sleep_Budget,"Hot water, air-con, TV, heater, and telephone in every room. The hotel also has a backup power generator and a lift. Nice rooftop bar with great views over the city. All room rates include rooftop Wi-Fi and free cancellation. They can also serve food. During low season (April/May/June), 50% discount if you stay 2 days or more.","(26.928307, 75.798092)",wikivoyage,red
9,Karni Niwas ,26.9203,75.7973,C-5 Motilal Atal Road ,http://www.hotelkarniniwas.com/ ,Sleep_Budget,"Good budget hotel. Very clean with hot water, quiet room. Restaurant, includes continental breakfast.","(26.9203, 75.7973)",wikivoyage,red
10,Moustache Jaipur,26.91958611458579,75.79778428274552,"Park House 7, Mirza Ismail Rd",https://moustachescapes.com/accommodation/Hostel/jaipur,Sleep_Budget,"Recommended by many travellers, this hostel is the headquarters of the Moustache chain. The street food tour is recommended by many. Afterwards, you can relax in the rooftop restaurant and pool.","(26.91958611458579, 75.79778428274552)",wikivoyage,red
0,Krishna Palace ,26.928,75.7861,"E-26, Durga Marg, Bani Park ",http://www.krishnapalace.com ,Sleep_Budget,"Heritage property which looks like a palace. Nice garden, quiet and very clean. Traditional-style spacious rooms with private bath and hot shower. 24-hr service. Comfortable beds, each room comes with TV with all channels. Rooftop and garden restaurant available. Walking distance to the train station. Managed by a friendly family. Very quiet and relaxing neighbourhood surrounded by greenery. Pickup service from the train and central bus station is free of charge.","(26.928, 75.7861)",wikivoyage,red
1,Moon Light Palace ,26.9127,75.7781,"S-34, Shanti Nagar, Near Labour Court ",http://www.hotelmoonlightpalace.com/ ,Sleep_Budget,It's clean with solid Wi-Fi. Free pick up from station. Restaurant has a wide range of food.,"(26.9127, 75.7781)",wikivoyage,red
2,Pink City Guest House ,26.9209,75.7973,18 Motilal Atal Rd , ,Sleep_Budget,"Clean rooms and good value with reliable hot water, TV and Wi-Fi - just ask the guy at the reception. Steps away from bus station and few min walk from old town and/or rail station. Five stores down the road south on that side of the street is an amazing vegetarian restaurant Mohal's which does great cheapish food. Make sure you get one of the rooms facing the quiet backstreet. The hotel lacks its own website, and current tariffs seem to be impossible to find online. As of 2012 or so, they charged ₹400-700 for a double room, with off season rates of ₹250 for a very basic room without attached bathroom.","(26.9209, 75.7973)",wikivoyage,red
3,Satkar Hotel ,26.9238,75.7905,"187, Barodia Scheme, Banipark ",http://satkarhotel.com ,Sleep_Budget,"Family run budget hotel, free pick up from railway station, bus stand, free Wi-Fi. Air-con and non-air-con rooms with attached bathrooms and TV. Hot shower, food, travel desk, laundry, 5 min walk from railway station. Not especially clean, ceiling fan noisy. Laundry is available for a charge. Walking distance to the bus station in a seedy neighbourhood.","(26.9238, 75.7905)",wikivoyage,red
4,Sunder Palace Guest House ,26.9174,75.7952,"No. 46, Sanjay Marg ",http://www.sunderpalace.com ,Sleep_Budget,"Clean rooms, great service, convenient location, a rooftop restaurant, a lovely garden area and a terrace. Tiled double room with cable TV, big bathroom with hot water and a Persian carpet area with a small table where you can sip tea and read. Internet available, but there was a charge for this service a few years ago, so enquire.","(26.9174, 75.7952)",wikivoyage,red
5,Zostel ,0.0,0.0,"First Floor, 85-A, Rajamal Ka Talab, Icici Bank Building, Chandi ki Taksal ",http://www.zostel.com/ ,Sleep_Budget,Backpacker hostel.,"(0, 0)",wikivoyage,red
0,Anuraag Villa ,26.9274,75.7892,"D-249, Near Collectorate Circle ",http://www.anuraagvilla.com/index.htm ,Sleep_Mid-range,"3-star hotel 15 min by rickshaw from the city centre. Peaceful place to relax with clean, comfortable rooms and free Wi-Fi Onsite restaurant offers very good vegetarian options Rajasthani style.","(26.9274, 75.7892)",wikivoyage,red
1,Arya Niwas ,26.9217,75.8046,Sansar Chandra Rd ,http://www.hotelaryaniwas.com/ ,Sleep_Mid-range," A feudal lord's mansion converted into a hotel with the ambience of a stately home. Centrally located, family managed, cafeteria serving decent vegetarian food and a garden to relax in during the evenings.","(26.9217, 75.8046)",wikivoyage,red
2,Colonel's Homestead Jaipur ,26.84444,75.74722,"10 & 11 Cosmo Colony, Ram Marg, Amrapali Rd, Vaishali Nagar ",http://www.colonelsbnb.com ,Sleep_Mid-range,"Run by a retired army colonel and his wife, who hails from a royal family of Rajasthan, a peaceful place to stay adjoining 50 acres of bird-filled nature. Home-cooked meals available, and good advice on attractions and shopping.","(26.84444, 75.74722)",wikivoyage,red
3,Hotel Classic Holidays ,26.8912,75.7663,"A-79, Shyam Nagar, Sodala, Ajmer Rd ",http://www.hotelclassicholidays.com ,Sleep_Mid-range,"In a residential area with peaceful, clean, green surroundings.","(26.8912, 75.7663)",wikivoyage,red
4,Hotel Mandakini Castle ,26.9225,75.8047,Sansar Chandra Rd , ,Sleep_Mid-range,"3-star hotel. 12 superior rooms and 26 suites. All are fitted with a private bath with hot & cold water, cable/sat TV, and broadband internet connection. The travel desk, 50-capacity conference area, complimentary transfer services. It is not easy to find current room rates, but the hotel gets mixed reviews from guests.","(26.9225, 75.8047)",wikivoyage,red
0,Hotel Meghniwas ,26.9299,75.7881,"C-9, Sawai Jai Singh Highway, Bani Park ",http://www.meghniwas.com/ ,Sleep_Mid-range,"It also has a garden and a swimming pool, which is free for guests and open to non-guests for a charge.","(26.9299, 75.7881)",wikivoyage,red
1,Hotel Sarang Palace ,26.9373,75.7965,"A- 40, Subhash Nagar Rd, Near Peetal Factory ",http://www.hotelsarangpalace.com ,Sleep_Mid-range,"3-star heritage hotel, offers free pick up from train and bus station.","(26.9373, 75.7965)",wikivoyage,red
2,Loharu House ,26.9063,75.7833,Civil Lines , ,Sleep_Mid-range,This property belongs to the Royal Family of Loharu and they rent out a few rooms. The place is quaint and beautiful and the rooms are well appointed. The service also has the touch of personal care and warmth. A plus side is the cooks are excellent and put together some fine dinners.,"(26.9063, 75.7833)",wikivoyage,red
3,Milestone 251 ,26.9268,75.7898,"Near Collectorate Circle, D-251, Devi Marg, Bani Park ",http://www.milestone251.com/ ,Sleep_Mid-range,Near the railway station in Bani Park area.,"(26.9268, 75.7898)",wikivoyage,red
4,Sumati Villa ,26.9065,75.7962,"7, Shubham Enclave, Jamnalal Bajaj Marg ", ,Sleep_Mid-range,A budget guest house.,"(26.9065, 75.7962)",wikivoyage,red
5,Umaid Bhawan ,26.928,75.7925,"D1-2A, Behari Marg, Bani Park ",http://www.umaidbhawan.com ,Sleep_Mid-range,"A nicely restored heritage hotel with clean, comfortable rooms, many with balconies. Beautifully decorated, it looks like a mini-palace. It has a roof-top restaurant with views of the rising sun in the morning and the setting sun in the evening. The swimming pool is on the ground floor, and it's cold in the off-season. The friendly and helpful staff will arrange airport/train station pickup. Great value, a great place.","(26.928, 75.7925)",wikivoyage,red
6,Umaid Mahal ,26.9279,75.7891,"C-20 / B-2, Bihari Marg, Sawai Jai Singh Highway, ",http://www.umaidmahal.com ,Sleep_Mid-range,A very nice heritage house hotel with 3-star facilities and also offers free pick up from train and bus station.,"(26.9279, 75.7891)",wikivoyage,red
7,Pride Amber Vilas ,0.0,0.0,  ,http://www.pridehotel.com/jaipur/pride-amber-vilas-jaipur/overview/ ,Sleep_Mid-range,,"(0, 0)",wikivoyage,red
8,White Mushroom V Inn Jaipur ,51.0542154,-114.0698189,I - 7 C2 ,http://www.whitemushroomholidays.com/jaipur/ ,Sleep_Mid-range,,"(51.0542154, -114.0698189)",wikivoyage,red
9,Mosaics Guest House ,26.9883,75.8703," Siyaram ki Doongri, '''Amber''' ",http://www.mosaicsguesthouse.com/ ,Sleep_Mid-range,,"(26.9883, 75.8703)",wikivoyage,red
0,Lohagarh Fort Resort Jaipur ,27.0764,75.9387,"Kachera Wala, Kukas (NH-8) ",http://lohagarhfortresort.in/ ,Sleep_Splurge,"13 acres of green lush mountain area in Kukas, a 50-minute drive from Jaipur. Cottages with private pool, luxury tents with jacuzzi, luxury suite with jacuzzi. Apart from accommodation they offer spa & massage and their pool is one of the biggest in the city. They also have in-house restaurant.","(27.0764, 75.9387)",wikivoyage,red
1,Naila Bagh Palace ,26.9066,75.8229,Moti Doongari Road ,http://www.nailabaghpalace.com ,Sleep_Splurge,"Heritage home built in 1872 by the Prime Minister of Jaipur (Late Thakur Fateh Singh ji of Naila), now owned and managed by his 7th-generation descendants. It is surrounded with sprawling gardens and open spaces on all sides; the large front courtyard provides ample seating space for our visitors along with providing a calm and serine ambience. One of Jaipur's oldest heritage buildings and home the erstwhile Prime Minister, Thakur Fateh Singh Ji. Surrounded with gardens and open spaces on all sides, large front courtyard provides ample seating, antique chandeliers, original frescos, colonial furniture and a heritage of family history on display. Swimming pool, modest gym, Wi-Fi in some areas.","(26.9066, 75.8229)",wikivoyage,red
2,Oberoi Rajvilas Palace Hotel ,26.877,75.884,Goner Rd ,http://www.oberoirajvilas.com/ ,Sleep_Splurge,"If you have money to blow and you want to stay in the lap of luxury, this is the place for you. The only problem is that it is nearly impossible to get a booking.","(26.877, 75.884)",wikivoyage,red
3,Taj Rambagh Palace Hotel ,26.8962,75.8083, ,http://www.tajhotels.com/luxury/grand-palaces-and-iconic-hotels/rambagh-palace-jaipur/overview.html ,Sleep_Splurge,A former palace and an excellent place to stay.,"(26.8962, 75.8083)",wikivoyage,red
4,The Trident Jaipur ,26.9563,75.8424,Amber Fort Rd ,http://www.tridenthotels.com/jaipur/index.asp ,Sleep_Splurge,"Surprisingly intimate low-rise hotel built like a glittering white Mughal palace, renovated and well maintained. Small pool. It's worth it to pay extra for a lake view room.","(26.9563, 75.8424)",wikivoyage,red
5,Royal Quest Resorts ,0.0,0.0,"NH-8, Kukas, Village Kacherawala ",https://www.royalquestresorts.com/ ,Sleep_Splurge,5-star resort.,"(0, 0)",wikivoyage,red
0,CKS Hospital ,0.0,0.0,"F 98 A, Road Number 6, Sikar Road, VKI ",https://ckshospitals.com/ ,Stay safe,"CKS Hospital is a trusted multi-specialty hospital, open 24 hours for emergency cases.","(0, 0)",wikivoyage,red
0,CKS Hospital ,0.0,0.0,"F 98 A, Road Number 6, Sikar Road, VKI ",https://ckshospitals.com/ ,Stay safe_Hospitals,"CKS Hospital is a trusted multi-specialty hospital, open 24 hours for emergency cases.","(0, 0)",wikivoyage,red
0,Abhaneri,27.0072885,76.6079261,,,Go next,"'''Abhaneri''' &mdash; you can arrange transport to this village, which contains an impressive ancient stepwell and a beautiful 9th-century temple","(27.0072885, 76.6079261)",wikivoyage,red
1,Bikaner,28.0159286,73.3171367,,,Go next,"'''Bikaner''' &mdash; a city in the Thar Desert; though less visited than Jaisalmer, it is home to several important sites such as Bikaner Fort (Junagarh Fort), Laxmi Niwas Palace and Shivbari Temple","(28.0159286, 73.3171367)",wikivoyage,red
2,Bhandarej,0.0,0.0,,,Go next,"'''Bhandarej''' &mdash; a little-known town 62 km from Jaipur off the Jaipur-Agra Highway, which dates from the times of the Mahabharata and features 11th-century monuments and temples","(0, 0)",wikivoyage,red
3,Jaisalmer,27.0264162,70.77751197645885,,,Go next,'''Jaisalmer''' &mdash; the Golden City in the Thar Desert,"(27.0264162, 70.77751197645885)",wikivoyage,red
4,Jodhpur,26.2967719,73.0351433,,,Go next,"'''Jodhpur''' &mdash;  the stunning Blue City, with its awe-inspiring Mehrangarh Fort","(26.2967719, 73.0351433)",wikivoyage,red
5,Udaipur,24.578721,73.6862571,,,Go next,"'''Udaipur''' &mdash; train #2965, Gwalior Udaipur Superfast Express (via Agra), is the best option for this beautiful City of Lakes","(24.578721, 73.6862571)",wikivoyage,red
