,item,articleDE,articleEN,location,distance,lat,lon,sitelinks,thing,itemLabel,thingLabel,tier,color
0,http://www.wikidata.org/entity/Q43433,https://de.wikipedia.org/wiki/Chandigarh,https://en.wikipedia.org/wiki/Chandigarh,Point(76.791111111 30.735277777),1.108,30.735277777778,76.791111111111,114,http://www.wikidata.org/entity/Q1074523,Chandigarh,planned community,S,orange
18,http://www.wikidata.org/entity/Q1949069,https://de.wikipedia.org/wiki/Sahibzada_Ajit_Singh_Nagar,https://en.wikipedia.org/wiki/Mohali,Point(76.718055555 30.719444444),6.095,30.719444444444,76.718055555556,42,http://www.wikidata.org/entity/Q1549591,Mohali,big city,S,orange
20,http://www.wikidata.org/entity/Q882172,https://de.wikipedia.org/wiki/Panchkula,https://en.wikipedia.org/wiki/Panchkula,Point(76.850277777 30.694444444),8.019,30.694444444444,76.850277777778,38,http://www.wikidata.org/entity/Q1074523,Panchkula,planned community,S,orange
22,http://www.wikidata.org/entity/Q1835533,https://de.wikipedia.org/wiki/Flughafen_Chandigarh,https://en.wikipedia.org/wiki/Chandigarh_Airport,Point(76.788611111 30.673333333),6.737,30.673333333333,76.788611111111,25,http://www.wikidata.org/entity/Q644371,Shaheed Bhagat Singh International Airport,international airport,S,orange
25,http://www.wikidata.org/entity/Q2722011,https://de.wikipedia.org/wiki/Kharar,"https://en.wikipedia.org/wiki/Kharar,_SAS_Nagar",Point(76.65 30.74),12.418,30.746388888889,76.646944444444,22,http://www.wikidata.org/entity/Q486972,Kharar,human settlement,S,orange
29,http://www.wikidata.org/entity/Q2557889,,https://en.wikipedia.org/wiki/Pinjore,Point(76.9172 30.7972),14.927,30.798611111111,76.918333333333,21,http://www.wikidata.org/entity/Q486972,Pinjore,human settlement,S,orange
31,http://www.wikidata.org/entity/Q2317411,https://de.wikipedia.org/wiki/Zirakpur,https://en.wikipedia.org/wiki/Zirakpur,Point(76.82 30.65),10.046,30.65,76.82,21,http://www.wikidata.org/entity/Q691960,Zirakpur,satellite city,S,orange
33,http://www.wikidata.org/entity/Q25931399,https://de.wikipedia.org/wiki/Kapitol-Komplex_in_Chandigarh,https://en.wikipedia.org/wiki/Chandigarh_Capitol_Complex,Point(76.804722222 30.759166666),3.727,30.759166666667,76.804722222222,21,http://www.wikidata.org/entity/Q1497375,Chandigarh Capitol Complex,architectural ensemble,S,orange
34,http://www.wikidata.org/entity/Q3041915,,https://en.wikipedia.org/wiki/Rock_Garden_of_Chandigarh,Point(76.807 30.752),3.325,30.752,76.807,18,http://www.wikidata.org/entity/Q1759852,Rock Garden of Chandigarh,sculpture garden,A,green
35,http://www.wikidata.org/entity/Q16854086,,https://en.wikipedia.org/wiki/Open_Hand_Monument,Point(76.8074 30.759),3.883,30.759,76.8074,18,http://www.wikidata.org/entity/Q4989906,Open Hand Monument,monument,A,green
36,http://www.wikidata.org/entity/Q567899,https://de.wikipedia.org/wiki/Panjab_University,https://en.wikipedia.org/wiki/Panjab_University,Point(76.768208888 30.757995),2.943,30.757995,76.768208888889,17,http://www.wikidata.org/entity/Q875538,Panjab University,public university,A,green
37,http://www.wikidata.org/entity/Q2444426,,https://en.wikipedia.org/wiki/Bhabat,Point(76.8076 30.6581),8.791,30.6581,76.8076,14,http://www.wikidata.org/entity/Q486972,Bhabat,human settlement,A,green
38,http://www.wikidata.org/entity/Q130502,https://de.wikipedia.org/wiki/Punjab_and_Haryana_High_Court,https://en.wikipedia.org/wiki/Punjab_and_Haryana_High_Court,Point(76.8066 30.7573),3.693,30.7573,76.8066,14,http://www.wikidata.org/entity/Q4959031,Punjab and Haryana High Court,appellate court,A,green
39,http://www.wikidata.org/entity/Q2725729,,https://en.wikipedia.org/wiki/Mullanpur_Garibdass,Point(76.743 30.799),8.089,30.799,76.743,13,http://www.wikidata.org/entity/Q486972,Mullanpur Garibdass,human settlement,A,green
40,http://www.wikidata.org/entity/Q7333197,,https://en.wikipedia.org/wiki/Sukhna_Lake,Point(76.8189423 30.7402883),3.826,30.7402883,76.8189423,13,http://www.wikidata.org/entity/Q131681,Sukhna Lake,reservoir,A,green
41,http://www.wikidata.org/entity/Q2311239,,https://en.wikipedia.org/wiki/Karoran,Point(76.8204 30.8053),8.885,30.8053,76.8204,12,http://www.wikidata.org/entity/Q486972,Karoran,human settlement,A,green
42,http://www.wikidata.org/entity/Q3112812,,"https://en.wikipedia.org/wiki/Government_Museum_and_Art_Gallery,_Chandigarh",Point(76.787425 30.748875),1.868,30.748875,76.787425,12,http://www.wikidata.org/entity/Q207694,"Government Museum and Art Gallery, Chandigarh",art museum,A,green
44,http://www.wikidata.org/entity/Q3522142,https://de.wikipedia.org/wiki/Punjab_Cricket_Association_IS_Bindra_Stadium,https://en.wikipedia.org/wiki/Inderjit_Singh_Bindra_Stadium,Point(76.737258333 30.690858333),6.236,30.690858333333,76.737258333333,12,http://www.wikidata.org/entity/Q682943,Inderjit Singh Bindra Stadium,cricket field,A,green
45,http://www.wikidata.org/entity/Q5520689,,"https://en.wikipedia.org/wiki/Gandhi_Bhawan,_Chandigarh",Point(76.771410495 30.761872651),3.259,30.761872651759,76.771410495592,11,http://www.wikidata.org/entity/Q230752,Gandhi Bhawan,auditorium,A,green
46,http://www.wikidata.org/entity/Q5071065,,https://en.wikipedia.org/wiki/Chandigarh_Group_of_Colleges,Point(76.664638888 30.686416666),12.18,30.686416666667,76.664638888889,10,http://www.wikidata.org/entity/Q1663017,"Chandigarh Group of Colleges, Landran",engineering college,A,green
47,http://www.wikidata.org/entity/Q7444209,,"https://en.wikipedia.org/wiki/Secretariat_Building,_Chandigarh",Point(76.800555555 30.761111111),3.665,30.761111111111,76.800555555556,10,http://www.wikidata.org/entity/Q811979,Secretariat Building,architectural structure,A,green
49,http://www.wikidata.org/entity/Q8065112,,https://en.wikipedia.org/wiki/Zakir_Hussain_Rose_Garden,Point(76.783739 30.748108),1.675,30.748108,76.783739,10,http://www.wikidata.org/entity/Q291177,Zakir Hussain Rose Garden,rose garden,A,green
50,http://www.wikidata.org/entity/Q3763822,,https://en.wikipedia.org/wiki/Yadavindra_Gardens,Point(76.91222222 30.7925),14.262,30.7925,76.91222222,9,http://www.wikidata.org/entity/Q1107656,Yadavindra Gardens,garden,B,violet
51,http://www.wikidata.org/entity/Q7126217,,https://en.wikipedia.org/wiki/Palace_of_Assembly,Point(76.803055555 30.761111111),3.8,30.761111111111,76.803055555556,9,http://www.wikidata.org/entity/Q41176,Palace of Assembly,building,B,violet
52,http://www.wikidata.org/entity/Q18126675,,https://en.wikipedia.org/wiki/Kaushalya_Dam,Point(76.9146 30.7753),13.703,30.7753,76.9146,9,http://www.wikidata.org/entity/Q12323,Kaushalya Dam,dam,B,violet
55,http://www.wikidata.org/entity/Q889904,,https://en.wikipedia.org/wiki/Puadh,Point(76.8 30.6),14.964,30.6,76.8,7,http://www.wikidata.org/entity/Q82794,Powadh,geographic region,B,violet
57,http://www.wikidata.org/entity/Q4507052,,https://en.wikipedia.org/wiki/Chandi_Mandir,Point(76.791111111 30.735277777),1.108,30.735277777778,76.791111111111,7,http://www.wikidata.org/entity/Q811979,Chandi Mandir,architectural structure,B,violet
58,http://www.wikidata.org/entity/Q7444709,,https://en.wikipedia.org/wiki/Sector_16_Stadium,Point(76.77475556 30.741625),1.026,30.741625,76.77475556,7,http://www.wikidata.org/entity/Q682943,Sector 16 Stadium,cricket field,B,violet
59,http://www.wikidata.org/entity/Q7118905,,https://en.wikipedia.org/wiki/Punjab_Engineering_College,Point(76.78333333 30.76666667),3.71,30.76666667,76.78333333,6,http://www.wikidata.org/entity/Q1663017,Punjab Engineering College,engineering college,B,violet
60,http://www.wikidata.org/entity/Q7233637,,https://en.wikipedia.org/wiki/Postgraduate_Institute_of_Medical_Education_and_Research,Point(76.77625 30.76234),3.23,30.76234,76.77625,6,http://www.wikidata.org/entity/Q494230,Post Graduate Institute of Medical Education and Research,medical school,B,violet
80,http://www.wikidata.org/entity/Q7285255,,"https://en.wikipedia.org/wiki/Raj_Bhavan,_Haryana",Point(76.809882 30.742262),3.045,30.742262,76.809882,6,http://www.wikidata.org/entity/Q41176,Raj Bhavan,building,B,violet
81,http://www.wikidata.org/entity/Q7285274,,"https://en.wikipedia.org/wiki/Raj_Bhavan,_Punjab",Point(76.81086 30.738783),3.035,30.738783,76.81086,6,http://www.wikidata.org/entity/Q41176,Raj Bhavan,building,B,violet
82,http://www.wikidata.org/entity/Q21933307,,https://en.wikipedia.org/wiki/Burail_Fort,Point(76.76111111 30.7075),3.389,30.7075,76.76111111,6,http://www.wikidata.org/entity/Q57821,Burail Fort,fortification,B,violet
83,http://www.wikidata.org/entity/Q120971341,,https://en.wikipedia.org/wiki/Union_Territory_of_Chandigarh,Point(76.777777777 30.727777777),0.656,30.727777777778,76.777777777778,6,http://www.wikidata.org/entity/Q467745,Chandigarh,union territory of India,B,violet
84,http://www.wikidata.org/entity/Q5087827,,https://en.wikipedia.org/wiki/Mahendra_Chaudhary_Zoological_Park,Point(76.7928 30.6036),14.491,30.6036,76.7928,5,http://www.wikidata.org/entity/Q43501,Chhatbir Zoo,zoo,B,violet
85,http://www.wikidata.org/entity/Q5437386,,https://en.wikipedia.org/wiki/Fateh_Burj,Point(76.667 30.7031),11.29,30.7031,76.667,5,http://www.wikidata.org/entity/Q33506,Fateh Burj,museum,B,violet
87,http://www.wikidata.org/entity/Q6020706,,"https://en.wikipedia.org/wiki/Indian_Institute_of_Science_Education_and_Research,_Mohali",Point(76.7275 30.663611),9.231,30.663611,76.7275,5,http://www.wikidata.org/entity/Q38723,"Indian Institute of Science Education and Research, Mohali",higher education institution,B,violet
89,http://www.wikidata.org/entity/Q24747936,,https://en.wikipedia.org/wiki/Maharaja_Yadavindra_Singh_International_Cricket_Stadium,Point(76.72416667 30.77888889),7.328,30.77888889,76.72416667,5,http://www.wikidata.org/entity/Q682943,Mullanpur International Cricket Stadium,cricket field,B,violet
91,http://www.wikidata.org/entity/Q580726,,https://en.wikipedia.org/wiki/Tagore_Theatre,Point(76.78944444 30.73305556),0.931,30.73305556,76.78944444,4,http://www.wikidata.org/entity/Q41176,Tagore Theatre,building,C,yellow
94,http://www.wikidata.org/entity/Q4901750,,https://en.wikipedia.org/wiki/Bhima_Devi_Temple_Site_Museum,Point(76.91222222 30.7925),14.262,30.7925,76.91222222,4,http://www.wikidata.org/entity/Q842402,Bhima Devi Temple Complex,Hindu temple,C,yellow
95,http://www.wikidata.org/entity/Q6040614,,https://en.wikipedia.org/wiki/Institute_of_Microbial_Technology,Point(76.7342 30.7471),4.607,30.7471,76.7342,4,http://www.wikidata.org/entity/Q31855,Institute of Microbial Technology,research institute,C,yellow
97,http://www.wikidata.org/entity/Q6957398,,https://en.wikipedia.org/wiki/Nada_Sahib,Point(76.880833333 30.694166666),10.607,30.694166666667,76.880833333333,4,http://www.wikidata.org/entity/Q337986,Nada Sahib,gurdwara,C,yellow
98,http://www.wikidata.org/entity/Q7444712,,https://en.wikipedia.org/wiki/Chandigarh_Hockey_Stadium,Point(76.745833 30.728889),3.278,30.728889,76.745833,4,http://www.wikidata.org/entity/Q483110,Sector 42 Stadium,stadium,C,yellow
102,http://www.wikidata.org/entity/Q23995986,,https://en.wikipedia.org/wiki/Sukhna_Wildlife_Sanctuary,Point(76.8512 30.7757),8.291,30.7757,76.8512,4,http://www.wikidata.org/entity/Q473972,Sukhna Lake Wildlife Sanctuary,protected area,C,yellow
104,http://www.wikidata.org/entity/Q3631392,,"https://en.wikipedia.org/wiki/National_Institute_of_Pharmaceutical_Education_and_Research,_S.A.S._Nagar",Point(76.736397222 30.682319444),7.033,30.682319444444,76.736397222222,3,http://www.wikidata.org/entity/Q3918,"National Institute of Pharmaceutical Education and Research, S.A.S. Nagar",university,C,yellow
106,http://www.wikidata.org/entity/Q5068656,,https://en.wikipedia.org/wiki/Chandigarh_Metro,Point(76.801 30.709),3.395,30.709,76.801,3,http://www.wikidata.org/entity/Q64728694,Chandigarh Metro,proposed entity,C,yellow
108,http://www.wikidata.org/entity/Q5071085,,https://en.wikipedia.org/wiki/Chandimandir_Cantonment,Point(76.877 30.724),9.357,30.724,76.877,3,http://www.wikidata.org/entity/Q111212994,Chandimandir Cantonment,cantonment in India,C,yellow
114,http://www.wikidata.org/entity/Q5513730,,"https://en.wikipedia.org/wiki/Government_Medical_College_and_Hospital,_Chandigarh",Point(76.7782991 30.708827),2.74,30.708827,76.7782991,3,http://www.wikidata.org/entity/Q1059324,"Government Medical College and Hospital, Chandigarh",university hospital,C,yellow
118,http://www.wikidata.org/entity/Q7449261,,https://en.wikipedia.org/wiki/Semi-Conductor_Laboratory,Point(76.70912 30.7025914),7.57,30.7025914,76.70912,3,http://www.wikidata.org/entity/Q31855,Semi-Conductor Laboratory,research institute,C,yellow
120,http://www.wikidata.org/entity/Q19892152,,"https://en.wikipedia.org/wiki/Japanese_Garden,_Chandigarh",Point(76.7820573 30.7045301),3.223,30.7045301,76.7820573,3,http://www.wikidata.org/entity/Q15835,"Japanese Garden, Chandigarh",Japanese garden,C,yellow
121,http://www.wikidata.org/entity/Q19894071,,https://en.wikipedia.org/wiki/Mohali_Village,Point(76.7159 30.7289),6.12,30.7289,76.7159,3,http://www.wikidata.org/entity/Q15642541,Mohali Village,human-geographic territorial entity,C,yellow
122,http://www.wikidata.org/entity/Q21997171,,"https://en.wikipedia.org/wiki/Parrot_Bird_Sanctuary,_Chandigarh",Point(76.77916667 30.725),0.94,30.725,76.77916667,3,http://www.wikidata.org/entity/Q1533036,Parrot Bird Sanctuary Chandigarh,animal sanctuary,C,yellow
127,http://www.wikidata.org/entity/Q5071058,,https://en.wikipedia.org/wiki/Chandigarh_College_of_Architecture,Point(76.78361111 30.76555556),3.59,30.76555556,76.78361111,2,http://www.wikidata.org/entity/Q4671277,Chandigarh College of Architecture,academic institution,C,yellow
130,http://www.wikidata.org/entity/Q6785886,,https://en.wikipedia.org/wiki/Mata_Mansa_Devi_Mandir,Point(76.82694444 30.76527778),5.736,30.76527778,76.82694444,2,http://www.wikidata.org/entity/Q842402,Mata Mansa Devi Mandir,Hindu temple,C,yellow
132,http://www.wikidata.org/entity/Q7588742,,"https://en.wikipedia.org/wiki/St._John%27s_High_School,_Chandigarh",Point(76.8122 30.7332),3.105,30.7332,76.8122,2,http://www.wikidata.org/entity/Q9826,"St. John's High School, Chandigarh",high school,C,yellow
133,http://www.wikidata.org/entity/Q16632762,,https://en.wikipedia.org/wiki/Mohali_International_Hockey_Stadium,Point(76.7373 30.6909),6.23,30.6909,76.7373,2,http://www.wikidata.org/entity/Q483110,International Hockey Stadium,stadium,C,yellow
134,http://www.wikidata.org/entity/Q16939054,,"https://en.wikipedia.org/wiki/National_Institute_of_Pharmaceutical_Education_and_Research,_Ahmedabad",Point(76.7318 30.6835),7.198,30.6835,76.7318,2,http://www.wikidata.org/entity/Q3918,"National Institute of Pharmaceutical Education and Research, Ahmedabad",university,C,yellow
135,http://www.wikidata.org/entity/Q18351683,,https://en.wikipedia.org/wiki/Institute_of_Nano_Science_and_Technology,Point(76.736489 30.683529),6.919,30.683529,76.736489,2,http://www.wikidata.org/entity/Q3918,Institute of Nano Science and Technology,university,C,yellow
138,http://www.wikidata.org/entity/Q19894711,,"https://en.wikipedia.org/wiki/Nayagaon,_Punjab",Point(76.72 30.69),7.478,30.69,76.72,2,http://www.wikidata.org/entity/Q15642541,Nayagaon,human-geographic territorial entity,C,yellow
139,http://www.wikidata.org/entity/Q21021966,,https://en.wikipedia.org/wiki/Politics_of_Chandigarh,Point(76.78 30.75),1.841,30.75,76.78,2,http://www.wikidata.org/entity/Q28108,politics of Chandigarh,political system,C,yellow
140,http://www.wikidata.org/entity/Q23893766,,https://en.wikipedia.org/wiki/Masol_(paleontology),Point(76.833333 30.833333),12.231,30.833333,76.833333,2,http://www.wikidata.org/entity/Q839954,Masol (paleontology),archaeological site,C,yellow
141,http://www.wikidata.org/entity/Q24484260,,"https://en.wikipedia.org/wiki/Garden_of_Springs,_Chandigarh",Point(76.736 30.723),4.336,30.723,76.736,2,http://www.wikidata.org/entity/Q22698,"Garden of Springs, Chandigarh",park,C,yellow
143,http://www.wikidata.org/entity/Q26817673,,,Point(76.828055555 30.853888888),14.166,30.853888888889,76.828055555556,2,http://www.wikidata.org/entity/Q46831,Siwakh,mountain system,C,yellow
145,http://www.wikidata.org/entity/Q60776072,,https://en.wikipedia.org/wiki/Tau_Devi_Lal_Athletic_Stadium_(Panchkula),Point(76.869722222 30.685),10.151,30.685,76.869722222222,2,http://www.wikidata.org/entity/Q17350442,Tau Devi Lal Stadium,venue,C,yellow
146,http://www.wikidata.org/entity/Q96400469,,https://en.wikipedia.org/wiki/Punjab_Lalit_Kala_Akademi,Point(76.78175 30.748277777),1.661,30.748277777778,76.78175,2,http://www.wikidata.org/entity/Q20897549,Punjab Lalit Kala Akademi,art institution,C,yellow
148,http://www.wikidata.org/entity/Q5071059,,https://en.wikipedia.org/wiki/Chandigarh_College_of_Engineering_and_Technology,Point(76.8066967 30.7276524),2.658,30.7276524,76.8066967,1,http://www.wikidata.org/entity/Q1663017,Chandigarh College of Engineering and Technology,engineering college,D,blue
149,http://www.wikidata.org/entity/Q5071066,,https://en.wikipedia.org/wiki/Chandigarh_Golf_Club,Point(76.8161 30.7361),3.49,30.7361,76.8161,1,http://www.wikidata.org/entity/Q2022036,Chandigarh Golf Club,golf club,D,blue
154,http://www.wikidata.org/entity/Q5587596,,https://en.wikipedia.org/wiki/Goswami_Ganesh_Dutta_Sanatan_Dharma_College,Point(76.7700778 30.7045238),3.345,30.7045238,76.7700778,1,http://www.wikidata.org/entity/Q4671277,Goswami Ganesh Dutta Sanatan Dharma College,academic institution,D,blue
159,http://www.wikidata.org/entity/Q5588740,,"https://en.wikipedia.org/wiki/Government_College_of_Education,_Chandigarh",Point(76.775465 30.7202641),1.521,30.7202641,76.775465,1,http://www.wikidata.org/entity/Q4671277,"Government College of Education, Chandigarh",academic institution,D,blue
161,http://www.wikidata.org/entity/Q7432406,,"https://en.wikipedia.org/wiki/School_of_Communication_Studies,_Panjab_University",Point(76.771 30.764),3.498,30.764,76.771,1,http://www.wikidata.org/entity/Q352102,"School of Communication Studies, Panjab University",journalism school,D,blue
163,http://www.wikidata.org/entity/Q7503824,,https://en.wikipedia.org/wiki/Shri_Mansa_Mata_Mandir_Hasampur,Point(76.82694444 30.76527778),5.736,30.76527778,76.82694444,1,http://www.wikidata.org/entity/Q842402,Shri Mansa Mata Mandir Hasampur,Hindu temple,D,blue
164,http://www.wikidata.org/entity/Q7589418,,https://en.wikipedia.org/wiki/St._Kabir_Public_School,Point(76.8135 30.7284),3.277,30.7284,76.8135,1,http://www.wikidata.org/entity/Q423208,St. Kabir Public School,private school,D,blue
166,http://www.wikidata.org/entity/Q7702635,,https://en.wikipedia.org/wiki/Terminal_Ballistics_Research_Laboratory,Point(76.784 30.717),1.874,30.717,76.784,1,http://www.wikidata.org/entity/Q483242,Terminal Ballistics Research Laboratory,laboratory,D,blue
168,http://www.wikidata.org/entity/Q7894535,,https://en.wikipedia.org/wiki/University_Business_School_%E2%80%93_Chandigarh,Point(76.7713 30.7628),3.362,30.7628,76.7713,1,http://www.wikidata.org/entity/Q1143635,University Business School – Chandigarh,business school,D,blue
169,http://www.wikidata.org/entity/Q7894794,,"https://en.wikipedia.org/wiki/University_Institute_of_Engineering_and_Technology,_Panjab_University",Point(76.7681 30.7579),2.937,30.7579,76.7681,1,http://www.wikidata.org/entity/Q1663017,"University Institute of Engineering and Technology, Panjab University",engineering college,D,blue
170,http://www.wikidata.org/entity/Q17071008,,https://en.wikipedia.org/wiki/Maharaja_Ranjit_Singh_Armed_Forces_Preparatory_Institute,Point(76.700555555 30.694722222),8.706,30.694722222222,76.700555555556,1,http://www.wikidata.org/entity/Q917182,Maharaja Ranjit Singh Armed Forces Preparatory Institute,military academy,D,blue
171,http://www.wikidata.org/entity/Q18109792,,https://en.wikipedia.org/wiki/Army_Institute_of_Law,Point(76.7207 30.6865),7.686,30.6865,76.7207,1,http://www.wikidata.org/entity/Q4671277,Army Institute of Law,academic institution,D,blue
172,http://www.wikidata.org/entity/Q18356541,,"https://en.wikipedia.org/wiki/Sector_70,_Mohali",Point(76.7154 30.6977),7.321,30.6977,76.7154,1,http://www.wikidata.org/entity/Q15642541,"Sector 70, Mohali",human-geographic territorial entity,D,blue
173,http://www.wikidata.org/entity/Q18618935,,https://en.wikipedia.org/wiki/Pinjore_Aerodrome,Point(76.89166667 30.82111111),14.471,30.82111111,76.89166667,1,http://www.wikidata.org/entity/Q1248784,Kalka Airport,airport,D,blue
175,http://www.wikidata.org/entity/Q19895242,,"https://en.wikipedia.org/wiki/Phase_9,_Mohali",Point(76.737 30.6928),6.09,30.6928,76.737,1,http://www.wikidata.org/entity/Q15642541,"Phase 9, Mohali",human-geographic territorial entity,D,blue
176,http://www.wikidata.org/entity/Q19896258,,"https://en.wikipedia.org/wiki/Sector_56,_Mohali",Point(76.7114 30.7344),6.53,30.7344,76.7114,1,http://www.wikidata.org/entity/Q15642541,"Sector 56, Mohali",human-geographic territorial entity,D,blue
177,http://www.wikidata.org/entity/Q19896263,,"https://en.wikipedia.org/wiki/Sector_62,_Mohali",Point(76.7311 30.6966),6.195,30.6966,76.7311,1,http://www.wikidata.org/entity/Q15642541,"Sector 62, Mohali",human-geographic territorial entity,D,blue
178,http://www.wikidata.org/entity/Q19896261,,"https://en.wikipedia.org/wiki/Sector_61,_Mohali",Point(76.729 30.7015),6.01,30.7015,76.729,1,http://www.wikidata.org/entity/Q15642541,"Sector 61, Mohali",human-geographic territorial entity,D,blue
179,http://www.wikidata.org/entity/Q19896270,,"https://en.wikipedia.org/wiki/Sector_71,_Mohali",Point(76.7095 30.704),7.467,30.704,76.7095,1,http://www.wikidata.org/entity/Q15642541,"Sector 71, Mohali",human-geographic territorial entity,D,blue
180,http://www.wikidata.org/entity/Q20457986,,,Point(76.89175 30.821331666),14.493,30.821331666667,76.89175,1,http://www.wikidata.org/entity/Q62447,Q20457986,aerodrome,D,blue
181,http://www.wikidata.org/entity/Q26817672,,,Point(76.8925 30.767222222),11.413,30.767222222222,76.8925,1,http://www.wikidata.org/entity/Q8502,Q26817672,mountain,D,blue
182,http://www.wikidata.org/entity/Q32289471,,,Point(76.753055555 30.731111111),2.561,30.731111111111,76.753055555556,1,http://www.wikidata.org/entity/Q4022,Atawa Choa,river,D,blue
183,http://www.wikidata.org/entity/Q32647829,,,Point(76.719722222 30.641111111),11.76,30.641111111111,76.719722222222,1,http://www.wikidata.org/entity/Q4022,Choa Nadi,river,D,blue
184,http://www.wikidata.org/entity/Q32648156,,,Point(76.72 30.641111111),11.747,30.641111111111,76.72,1,http://www.wikidata.org/entity/Q4022,Choi Nadi,river,D,blue
185,http://www.wikidata.org/entity/Q35335674,,,Point(76.839166666 30.616666666),14.174,30.616666666667,76.839166666667,1,http://www.wikidata.org/entity/Q47521,Sukhna Choa,stream,D,blue
186,http://www.wikidata.org/entity/Q35449025,,,Point(76.829444444 30.746388888),4.966,30.746388888889,76.829444444444,1,http://www.wikidata.org/entity/Q47521,Sukhna Nadi,stream,D,blue
187,http://www.wikidata.org/entity/Q55613469,,https://en.wikipedia.org/wiki/Haryana_Financial_Corporation,Point(76.782702 30.7398339),0.766,30.7398339,76.782702,1,http://www.wikidata.org/entity/Q327333,Haryana Financial Corporation,government agency,D,blue
188,http://www.wikidata.org/entity/Q55613472,,https://en.wikipedia.org/wiki/Haryana_State_Industrial_and_Infrastructure_Development_Corporation,Point(76.853988 30.706103),7.723,30.706103,76.853988,1,http://www.wikidata.org/entity/Q327333,Haryana State Industrial and Infrastructure Development Corporation,government agency,D,blue
189,http://www.wikidata.org/entity/Q60332411,,"https://en.wikipedia.org/wiki/Jawahar_Navodaya_Vidyalaya,_Chandigarh",Point(76.7567 30.7573),3.446,30.7573,76.7567,1,http://www.wikidata.org/entity/Q2723540,"Jawahar Navodaya Vidyalaya, Chandigarh",Jawahar Navodaya Vidyalaya,D,blue
193,http://www.wikidata.org/entity/Q64173912,,"https://en.wikipedia.org/wiki/Government_College_of_Art,_Chandigarh",Point(76.788944444 30.749777777),2.019,30.749777777778,76.788944444444,1,http://www.wikidata.org/entity/Q20897549,"Government College of Arts, Chandigarh",art institution,D,blue
196,http://www.wikidata.org/entity/Q65337156,,,Point(76.799472222 30.730222222),1.922,30.730222222222,76.799472222222,1,http://www.wikidata.org/entity/Q33506,Le Corbusier Centre,museum,D,blue
198,http://www.wikidata.org/entity/Q104847937,,https://en.wikipedia.org/wiki/Plaksha_University,Point(76.72 30.632),12.642,30.632,76.72,1,http://www.wikidata.org/entity/Q902104,Plaksha University,private university,D,blue
199,http://www.wikidata.org/entity/Q107094533,,,Point(76.757285042 30.765966712),4.204,30.765966712672,76.757285042325,1,http://www.wikidata.org/entity/Q23397,Dhanas Lake,lake,D,blue
202,http://www.wikidata.org/entity/Q116451393,,,Point(76.8041 30.75961),3.728,30.75961,76.8041,1,http://www.wikidata.org/entity/Q41176,Tower of Shadows,building,D,blue
